window_id,split,t_start,t_end,total_events,is_attack_window
TRAIN_W0000,TRAIN,691201,691500,131,0
TRAIN_W0001,TRAIN,691514,691799,103,0
TRAIN_W0002,TRAIN,691802,692098,136,0
TRAIN_W0003,TRAIN,692102,692400,119,0
TRAIN_W0004,TRAIN,692401,692699,110,0
TRAIN_W0005,TRAIN,692705,692994,108,0
TRAIN_W0006,TRAIN,693002,693297,93,0
TRAIN_W0007,TRAIN,693305,693600,95,0
TRAIN_W0008,TRAIN,693604,693898,105,0
TRAIN_W0009,TRAIN,693902,694200,90,0
TRAIN_W0010,TRAIN,694203,694494,114,0
TRAIN_W0011,TRAIN,694502,694790,99,0
TRAIN_W0012,TRAIN,694802,695098,178,0
TRAIN_W0013,TRAIN,695110,695398,95,0
TRAIN_W0014,TRAIN,695401,695698,108,0
TRAIN_W0015,TRAIN,695702,696000,110,0
TRAIN_W0016,TRAIN,696011,696300,108,0
TRAIN_W0017,TRAIN,696302,696591,102,0
TRAIN_W0018,TRAIN,696603,696899,73,0
TRAIN_W0019,TRAIN,696901,697200,92,0
TRAIN_W0020,TRAIN,697201,697498,109,0
TRAIN_W0021,TRAIN,697502,697798,109,0
TRAIN_W0022,TRAIN,697809,698100,108,0
TRAIN_W0023,TRAIN,698107,698400,112,0
TRAIN_W0024,TRAIN,698402,698696,116,0
TRAIN_W0025,TRAIN,698712,698997,90,0
TRAIN_W0026,TRAIN,699007,699297,109,0
TRAIN_W0027,TRAIN,699304,699600,112,0
TRAIN_W0028,TRAIN,699604,699899,102,0
TRAIN_W0029,TRAIN,699903,700199,139,0
TRAIN_W0030,TRAIN,700202,700499,79,0
TRAIN_W0031,TRAIN,700506,700800,70,0
TRAIN_W0032,TRAIN,700801,701095,100,0
TRAIN_W0033,TRAIN,701101,701387,79,0
TRAIN_W0034,TRAIN,701401,701699,69,0
TRAIN_W0035,TRAIN,701702,701994,95,0
TRAIN_W0036,TRAIN,702002,702297,133,0
TRAIN_W0037,TRAIN,702308,702595,96,0
TRAIN_W0038,TRAIN,702601,702899,115,0
TRAIN_W0039,TRAIN,702901,703198,97,0
TRAIN_W0040,TRAIN,703201,703496,91,0
TRAIN_W0041,TRAIN,703502,703792,115,0
TRAIN_W0042,TRAIN,703801,704098,78,0
TRAIN_W0043,TRAIN,704109,704397,87,0
TRAIN_W0044,TRAIN,704401,704700,116,0
TRAIN_W0045,TRAIN,704702,705000,96,0
TRAIN_W0046,TRAIN,705002,705296,86,0
TRAIN_W0047,TRAIN,705306,705600,126,0
TRAIN_W0048,TRAIN,705601,705899,117,0
TRAIN_W0049,TRAIN,705901,706200,90,0
TRAIN_W0050,TRAIN,706205,706499,109,0
TRAIN_W0051,TRAIN,706501,706793,54,0
TRAIN_W0052,TRAIN,706806,707094,46,0
TRAIN_W0053,TRAIN,707108,707388,41,0
TRAIN_W0054,TRAIN,707402,707691,44,0
TRAIN_W0055,TRAIN,707703,707991,37,0
TRAIN_W0056,TRAIN,708013,708295,48,0
TRAIN_W0057,TRAIN,708320,708590,40,0
TRAIN_W0058,TRAIN,708601,708885,44,0
TRAIN_W0059,TRAIN,708903,709175,34,0
TRAIN_W0060,TRAIN,709217,709487,37,0
TRAIN_W0061,TRAIN,709501,709783,40,0
TRAIN_W0062,TRAIN,709801,710099,40,0
TRAIN_W0063,TRAIN,710101,710400,50,0
TRAIN_W0064,TRAIN,710401,710682,48,0
TRAIN_W0065,TRAIN,710713,710995,54,0
TRAIN_W0066,TRAIN,711007,711294,34,0
TRAIN_W0067,TRAIN,711302,711598,32,0
TRAIN_W0068,TRAIN,711622,711896,44,0
TRAIN_W0069,TRAIN,711934,712167,31,0
TRAIN_W0070,TRAIN,712201,712494,42,0
TRAIN_W0071,TRAIN,712506,712782,32,0
TRAIN_W0072,TRAIN,712801,713089,39,0
TRAIN_W0073,TRAIN,713103,713389,31,0
TRAIN_W0074,TRAIN,713401,713700,40,0
TRAIN_W0075,TRAIN,713708,713992,40,0
TRAIN_W0076,TRAIN,714006,714292,53,0
TRAIN_W0077,TRAIN,714308,714578,43,0
TRAIN_W0078,TRAIN,714615,714894,57,0
TRAIN_W0079,TRAIN,714905,715197,63,0
TRAIN_W0080,TRAIN,715215,715486,50,0
TRAIN_W0081,TRAIN,715524,715797,44,0
TRAIN_W0082,TRAIN,715801,716096,77,0
TRAIN_W0083,TRAIN,716108,716374,36,0
TRAIN_W0084,TRAIN,716401,716666,33,0
TRAIN_W0085,TRAIN,716712,716983,48,0
TRAIN_W0086,TRAIN,717007,717294,38,0
TRAIN_W0087,TRAIN,717301,717600,38,0
TRAIN_W0088,TRAIN,717605,717892,62,0
TRAIN_W0089,TRAIN,717909,718193,47,0
TRAIN_W0090,TRAIN,718203,718499,50,0
TRAIN_W0091,TRAIN,718505,718797,48,0
TRAIN_W0092,TRAIN,718801,719096,52,0
TRAIN_W0093,TRAIN,719101,719395,40,0
TRAIN_W0094,TRAIN,719401,719695,53,0
TRAIN_W0095,TRAIN,719703,719999,40,0
TRAIN_W0096,TRAIN,720003,720292,40,0
TRAIN_W0097,TRAIN,720307,720592,55,0
TRAIN_W0098,TRAIN,720602,720896,52,0
TRAIN_W0099,TRAIN,720902,721191,46,0
TRAIN_W0100,TRAIN,721215,721500,47,0
TRAIN_W0101,TRAIN,721501,721790,55,0
TRAIN_W0102,TRAIN,721801,722099,61,0
TRAIN_W0103,TRAIN,722105,722397,49,0
TRAIN_W0104,TRAIN,722401,722698,49,0
TRAIN_W0105,TRAIN,722702,723000,41,0
TRAIN_W0106,TRAIN,723001,723287,56,0
TRAIN_W0107,TRAIN,723305,723549,33,0
TRAIN_W0108,TRAIN,723604,723893,75,0
TRAIN_W0109,TRAIN,723909,724200,95,0
TRAIN_W0110,TRAIN,724224,724492,100,0
TRAIN_W0111,TRAIN,724505,724800,111,0
TRAIN_W0112,TRAIN,724806,725099,88,0
TRAIN_W0113,TRAIN,725105,725393,102,0
TRAIN_W0114,TRAIN,725407,725698,53,1
TRAIN_W0115,TRAIN,725705,725998,68,1
TRAIN_W0116,TRAIN,726001,726292,63,1
TRAIN_W0117,TRAIN,726303,726600,60,1
TRAIN_W0118,TRAIN,726606,726900,71,0
TRAIN_W0119,TRAIN,726905,727175,36,1
TRAIN_W0120,TRAIN,727205,727495,62,1
TRAIN_W0121,TRAIN,727512,727800,54,1
TRAIN_W0122,TRAIN,727814,728100,52,1
TRAIN_W0123,TRAIN,728101,728400,66,1
TRAIN_W0124,TRAIN,728403,728698,69,0
TRAIN_W0125,TRAIN,728706,728998,55,1
TRAIN_W0126,TRAIN,729003,729298,70,1
TRAIN_W0127,TRAIN,729301,729599,56,0
TRAIN_W0128,TRAIN,729603,729896,46,0
TRAIN_W0129,TRAIN,729904,730198,56,0
TRAIN_W0130,TRAIN,730218,730495,70,1
TRAIN_W0131,TRAIN,730502,730780,50,1
TRAIN_W0132,TRAIN,730801,731096,47,1
TRAIN_W0133,TRAIN,731101,731397,41,1
TRAIN_W0134,TRAIN,731417,731697,54,1
TRAIN_W0135,TRAIN,731702,731999,47,0
TRAIN_W0136,TRAIN,732010,732299,70,0
TRAIN_W0137,TRAIN,732318,732599,63,0
TRAIN_W0138,TRAIN,732607,732900,45,0
TRAIN_W0139,TRAIN,732901,733200,48,0
TRAIN_W0140,TRAIN,733212,733496,50,0
TRAIN_W0141,TRAIN,733502,733800,61,0
TRAIN_W0142,TRAIN,733812,734092,58,0
TRAIN_W0143,TRAIN,734102,734398,52,0
TRAIN_W0144,TRAIN,734409,734687,56,0
TRAIN_W0145,TRAIN,734710,734996,50,0
TRAIN_W0146,TRAIN,735004,735288,43,0
TRAIN_W0147,TRAIN,735302,735598,65,0
TRAIN_W0148,TRAIN,735601,735900,77,0
TRAIN_W0149,TRAIN,735902,736196,62,0
TRAIN_W0150,TRAIN,736202,736498,69,0
TRAIN_W0151,TRAIN,736505,736798,72,1
TRAIN_W0152,TRAIN,736807,737099,67,1
TRAIN_W0153,TRAIN,737104,737399,46,1
TRAIN_W0154,TRAIN,737402,737694,62,0
TRAIN_W0155,TRAIN,737704,737994,55,1
TRAIN_W0156,TRAIN,738001,738278,40,0
TRAIN_W0157,TRAIN,738304,738598,46,1
TRAIN_W0158,TRAIN,738612,738890,42,1
TRAIN_W0159,TRAIN,738907,739189,54,1
TRAIN_W0160,TRAIN,739205,739493,66,1
TRAIN_W0161,TRAIN,739506,739786,71,1
TRAIN_W0162,TRAIN,739802,740081,66,0
TRAIN_W0163,TRAIN,740104,740397,64,1
TRAIN_W0164,TRAIN,740405,740700,66,0
TRAIN_W0165,TRAIN,740706,740999,71,1
TRAIN_W0166,TRAIN,741001,741295,86,1
TRAIN_W0167,TRAIN,741302,741590,71,1
TRAIN_W0168,TRAIN,741608,741897,56,0
TRAIN_W0169,TRAIN,741905,742199,61,1
TRAIN_W0170,TRAIN,742201,742482,69,0
TRAIN_W0171,TRAIN,742502,742799,62,0
TRAIN_W0172,TRAIN,742801,743082,64,1
TRAIN_W0173,TRAIN,743109,743393,86,1
TRAIN_W0174,TRAIN,743403,743698,72,1
TRAIN_W0175,TRAIN,743705,743997,94,1
TRAIN_W0176,TRAIN,744001,744300,81,1
TRAIN_W0177,TRAIN,744305,744598,75,0
TRAIN_W0178,TRAIN,744601,744899,68,0
TRAIN_W0179,TRAIN,744901,745187,78,1
TRAIN_W0180,TRAIN,745202,745498,52,0
TRAIN_W0181,TRAIN,745506,745798,62,1
TRAIN_W0182,TRAIN,745804,746084,81,1
TRAIN_W0183,TRAIN,746102,746399,73,1
TRAIN_W0184,TRAIN,746401,746695,69,1
TRAIN_W0185,TRAIN,746707,746995,71,1
TRAIN_W0186,TRAIN,747001,747298,74,1
TRAIN_W0187,TRAIN,747302,747600,50,1
TRAIN_W0188,TRAIN,747602,747896,53,1
TRAIN_W0189,TRAIN,747909,748195,60,1
TRAIN_W0190,TRAIN,748203,748499,72,1
TRAIN_W0191,TRAIN,748509,748797,57,0
TRAIN_W0192,TRAIN,748801,749099,85,1
TRAIN_W0193,TRAIN,749101,749392,54,0
TRAIN_W0194,TRAIN,749402,749692,47,0
TRAIN_W0195,TRAIN,749702,749998,68,1
TRAIN_W0196,TRAIN,750005,750299,81,0
TRAIN_W0197,TRAIN,750301,750597,92,1
TRAIN_W0198,TRAIN,750607,750898,62,0
TRAIN_W0199,TRAIN,750901,751200,43,0
TRAIN_W0200,TRAIN,751201,751496,69,1
TRAIN_W0201,TRAIN,751507,751787,57,0
TRAIN_W0202,TRAIN,751812,752100,90,1
TRAIN_W0203,TRAIN,752114,752400,53,0
TRAIN_W0204,TRAIN,752401,752699,50,1
TRAIN_W0205,TRAIN,752706,752998,55,1
TRAIN_W0206,TRAIN,753001,753285,51,1
TRAIN_W0207,TRAIN,753302,753600,52,1
TRAIN_W0208,TRAIN,753604,753900,72,0
TRAIN_W0209,TRAIN,753911,754188,62,1
TRAIN_W0210,TRAIN,754204,754498,55,0
TRAIN_W0211,TRAIN,754501,754797,54,1
TRAIN_W0212,TRAIN,754802,755096,49,1
TRAIN_W0213,TRAIN,755106,755397,71,1
TRAIN_W0214,TRAIN,755401,755678,48,0
TRAIN_W0215,TRAIN,755701,755991,80,1
VAL_W0000,VAL,756001,756289,59,1
VAL_W0001,VAL,756306,756599,55,0
VAL_W0002,VAL,756605,756888,52,0
VAL_W0003,VAL,756902,757199,59,0
VAL_W0004,VAL,757204,757496,57,1
VAL_W0005,VAL,757515,757790,46,1
VAL_W0006,VAL,757801,758091,51,0
VAL_W0007,VAL,758101,758389,63,0
VAL_W0008,VAL,758410,758696,39,1
VAL_W0009,VAL,758702,758999,48,1
VAL_W0010,VAL,759005,759291,66,0
VAL_W0011,VAL,759304,759593,63,1
VAL_W0012,VAL,759626,759892,43,0
VAL_W0013,VAL,759914,760196,16,1
VAL_W0014,VAL,760219,760473,12,1
VAL_W0015,VAL,760523,760799,8,1
VAL_W0016,VAL,760803,761065,12,1
VAL_W0017,VAL,761134,761387,7,1
VAL_W0018,VAL,761462,761670,7,1
VAL_W0019,VAL,761767,761989,2,0
VAL_W0020,VAL,762009,762295,8,1
VAL_W0021,VAL,762379,762568,9,1
VAL_W0022,VAL,762631,762845,11,1
VAL_W0023,VAL,762922,763070,5,0
VAL_W0024,VAL,763232,763377,6,0
VAL_W0025,VAL,763517,763783,3,1
VAL_W0026,VAL,763819,764059,3,0
VAL_W0027,VAL,764106,764310,14,1
VAL_W0028,VAL,764405,764690,11,1
VAL_W0029,VAL,764706,764987,14,1
VAL_W0030,VAL,765016,765283,8,1
VAL_W0031,VAL,765328,765596,9,1
VAL_W0032,VAL,765636,765895,13,1
VAL_W0033,VAL,765915,766183,11,1
VAL_W0034,VAL,766213,766433,4,0
VAL_W0035,VAL,766534,766790,10,1
VAL_W0036,VAL,766807,767096,18,1
VAL_W0037,VAL,767106,767323,23,1
VAL_W0038,VAL,767410,767661,7,1
VAL_W0039,VAL,767726,767944,8,1
VAL_W0040,VAL,768006,768220,5,1
VAL_W0041,VAL,768308,768585,18,1
VAL_W0042,VAL,768634,768886,15,1
VAL_W0043,VAL,768904,769171,16,1
VAL_W0044,VAL,769299,769461,9,1
VAL_W0045,VAL,769507,769798,11,1
VAL_W0046,VAL,769822,770075,6,1
VAL_W0047,VAL,770115,770394,10,1
VAL_W0048,VAL,770428,770651,14,1
VAL_W0049,VAL,770726,770973,12,1
VAL_W0050,VAL,771014,771258,12,1
VAL_W0051,VAL,771340,771599,17,1
VAL_W0052,VAL,771615,771857,11,1
VAL_W0053,VAL,771926,772162,3,0
VAL_W0054,VAL,772204,772482,13,1
VAL_W0055,VAL,772506,772800,9,1
VAL_W0056,VAL,772807,773040,12,1
VAL_W0057,VAL,773143,773389,10,1
VAL_W0058,VAL,773405,773692,14,0
VAL_W0059,VAL,773718,773961,5,1
VAL_W0060,VAL,774006,774289,21,1
VAL_W0061,VAL,774305,774535,14,1
VAL_W0062,VAL,774630,774763,5,0
VAL_W0063,VAL,774916,775054,8,0
VAL_W0064,VAL,775201,775460,10,0
VAL_W0065,VAL,775508,775769,8,0
VAL_W0066,VAL,775822,776100,6,0
VAL_W0067,VAL,776131,776181,2,0
VAL_W0068,VAL,776415,776699,10,0
VAL_W0069,VAL,776736,776997,6,0
VAL_W0070,VAL,777002,777258,5,0
VAL_W0071,VAL,777371,777600,5,0
VAL_W0072,VAL,777603,777842,7,0
VAL_W0073,VAL,777911,778194,7,0
VAL_W0074,VAL,778223,778483,6,0
VAL_W0075,VAL,778669,778790,3,0
VAL_W0076,VAL,778803,779039,3,0
VAL_W0077,VAL,779179,779335,4,0
VAL_W0078,VAL,779404,779538,3,0
VAL_W0079,VAL,779743,779935,9,0
VAL_W0080,VAL,780122,780299,3,0
VAL_W0081,VAL,780367,780592,4,0
VAL_W0082,VAL,780619,780841,6,0
VAL_W0083,VAL,780935,781162,8,0
VAL_W0084,VAL,781310,781480,4,0
VAL_W0085,VAL,781682,781796,4,0
VAL_W0086,VAL,781813,782070,8,0
VAL_W0087,VAL,782102,782393,13,0
VAL_W0088,VAL,782434,782689,11,0
VAL_W0089,VAL,782705,782980,7,0
VAL_W0090,VAL,783146,783242,4,0
VAL_W0091,VAL,783481,783566,3,0
VAL_W0092,VAL,783717,783876,6,0
VAL_W0093,VAL,783918,784142,3,0
VAL_W0094,VAL,784205,784473,7,0
VAL_W0095,VAL,784627,784738,2,0
VAL_W0096,VAL,784808,785072,13,0
VAL_W0097,VAL,785105,785376,11,0
VAL_W0098,VAL,785409,785672,9,0
VAL_W0099,VAL,785778,785983,5,0
VAL_W0100,VAL,786088,786138,4,0
VAL_W0101,VAL,786322,786592,5,0
VAL_W0102,VAL,786666,786858,2,0
VAL_W0103,VAL,786912,787180,10,0
VAL_W0104,VAL,787256,787462,8,0
VAL_W0105,VAL,787527,787788,7,0
VAL_W0106,VAL,787979,788040,4,0
VAL_W0107,VAL,788263,788377,6,0
VAL_W0108,VAL,788432,788677,7,0
VAL_W0109,VAL,788717,788950,6,0
VAL_W0110,VAL,789037,789130,3,0
VAL_W0111,VAL,789335,789581,5,0
VAL_W0112,VAL,789738,789850,2,0
VAL_W0113,VAL,789934,790188,6,0
VAL_W0114,VAL,790338,790459,3,0
VAL_W0115,VAL,790501,790779,5,0
VAL_W0116,VAL,790944,791094,6,0
VAL_W0117,VAL,791131,791187,4,0
VAL_W0118,VAL,791402,791639,4,0
VAL_W0119,VAL,791741,791904,3,0
VAL_W0120,VAL,792025,792243,6,0
VAL_W0121,VAL,792382,792495,4,0
VAL_W0122,VAL,792656,792755,2,0
VAL_W0123,VAL,792912,793199,5,0
VAL_W0124,VAL,793204,793349,6,0
VAL_W0125,VAL,793507,793731,7,0
VAL_W0126,VAL,793834,794095,4,0
VAL_W0127,VAL,794108,794322,5,0
VAL_W0128,VAL,794463,794658,4,0
VAL_W0129,VAL,794788,794890,4,0
VAL_W0130,VAL,795018,795236,6,0
VAL_W0131,VAL,795361,795504,4,0
VAL_W0132,VAL,795718,795795,2,0
VAL_W0133,VAL,796093,796155,3,0
VAL_W0134,VAL,796232,796475,3,0
VAL_W0135,VAL,796555,796715,4,0
VAL_W0136,VAL,796834,797099,5,0
VAL_W0137,VAL,797105,797392,5,0
VAL_W0138,VAL,797415,797690,5,0
VAL_W0139,VAL,797863,797895,2,0
VAL_W0140,VAL,798027,798290,4,0
VAL_W0141,VAL,798398,798587,7,0
VAL_W0142,VAL,798614,798899,8,0
VAL_W0143,VAL,798958,799101,4,0
VAL_W0144,VAL,799205,799410,5,0
VAL_W0145,VAL,799514,799718,6,0
VAL_W0146,VAL,799821,800089,5,0
VAL_W0147,VAL,800264,800368,2,0
VAL_W0148,VAL,800448,800602,7,0
VAL_W0149,VAL,800705,800962,6,0
VAL_W0150,VAL,801001,801262,8,0
VAL_W0151,VAL,801301,801546,3,0
VAL_W0152,VAL,801601,801816,4,0
VAL_W0153,VAL,802003,802194,9,0
VAL_W0154,VAL,802245,802384,4,0
VAL_W0155,VAL,802583,802757,2,0
VAL_W0156,VAL,802828,803091,6,0
VAL_W0157,VAL,803194,803395,7,0
VAL_W0158,VAL,803409,803684,6,0
VAL_W0159,VAL,803771,803964,2,0
VAL_W0160,VAL,804002,804264,4,0
VAL_W0161,VAL,804310,804571,10,0
VAL_W0162,VAL,804703,804804,4,0
VAL_W0163,VAL,804909,805157,10,0
VAL_W0164,VAL,805317,805500,6,0
VAL_W0165,VAL,805602,805799,4,0
VAL_W0166,VAL,805805,805975,9,0
VAL_W0167,VAL,806141,806352,5,0
VAL_W0168,VAL,806476,806630,4,0
VAL_W0169,VAL,806737,806862,4,0
VAL_W0170,VAL,807026,807116,4,0
VAL_W0171,VAL,807343,807566,11,0
VAL_W0172,VAL,807627,807858,5,0
VAL_W0173,VAL,808158,808167,2,0
VAL_W0174,VAL,808202,808417,8,0
VAL_W0175,VAL,808514,808781,15,0
VAL_W0176,VAL,808919,809033,2,0
VAL_W0177,VAL,809173,809222,3,0
VAL_W0178,VAL,809457,809659,10,0
VAL_W0179,VAL,809763,809930,6,0
VAL_W0180,VAL,810009,810251,7,0
VAL_W0181,VAL,810354,810574,5,0
VAL_W0182,VAL,810673,810875,6,0
VAL_W0183,VAL,810983,811185,6,0
VAL_W0184,VAL,811204,811469,6,0
VAL_W0185,VAL,811584,811773,2,0
VAL_W0186,VAL,811815,812025,4,0
VAL_W0187,VAL,812139,812370,4,0
VAL_W0188,VAL,812444,812688,6,0
VAL_W0189,VAL,812701,812988,8,0
VAL_W0190,VAL,813029,813200,4,0
VAL_W0191,VAL,813328,813554,5,0
VAL_W0192,VAL,813602,813870,7,0
VAL_W0193,VAL,813927,814191,6,0
VAL_W0194,VAL,814223,814483,8,0
VAL_W0195,VAL,814521,814659,2,0
VAL_W0196,VAL,814814,815086,14,0
VAL_W0197,VAL,815113,815371,8,0
VAL_W0198,VAL,815411,815642,7,0
VAL_W0199,VAL,815724,815984,9,0
VAL_W0200,VAL,816004,816272,8,0
VAL_W0201,VAL,816328,816567,13,0
VAL_W0202,VAL,816635,816884,19,0
VAL_W0203,VAL,816941,817157,5,0
VAL_W0204,VAL,817234,817469,15,0
VAL_W0205,VAL,817508,817662,5,0
VAL_W0206,VAL,817832,818089,11,0
VAL_W0207,VAL,818152,818333,9,0
VAL_W0208,VAL,818423,818689,12,0
VAL_W0209,VAL,818750,818947,8,0
VAL_W0210,VAL,819010,819269,6,0
VAL_W0211,VAL,819328,819580,10,0
VAL_W0212,VAL,819624,819801,9,0
VAL_W0213,VAL,819933,820118,5,0
VAL_W0214,VAL,820269,820484,8,0
VAL_W0215,VAL,820504,820789,13,0
VAL_W0216,VAL,820805,821024,10,0
VAL_W0217,VAL,821173,821380,8,0
VAL_W0218,VAL,821401,821686,13,0
VAL_W0219,VAL,821732,821995,15,0
VAL_W0220,VAL,822033,822300,16,0
VAL_W0221,VAL,822302,822581,21,0
VAL_W0222,VAL,822608,822875,19,0
VAL_W0223,VAL,823020,823143,6,0
VAL_W0224,VAL,823228,823475,19,0
VAL_W0225,VAL,823528,823711,17,0
VAL_W0226,VAL,823806,824086,16,0
VAL_W0227,VAL,824132,824373,5,0
VAL_W0228,VAL,824401,824697,21,0
VAL_W0229,VAL,824720,824999,12,0
VAL_W0230,VAL,825005,825293,13,0
VAL_W0231,VAL,825337,825600,11,0
VAL_W0232,VAL,825633,825859,8,0
VAL_W0233,VAL,825928,826163,4,0
VAL_W0234,VAL,826370,826478,5,0
VAL_W0235,VAL,826659,826762,5,0
VAL_W0236,VAL,826823,827087,11,0
VAL_W0237,VAL,827106,827392,5,0
VAL_W0238,VAL,827401,827676,6,0
VAL_W0239,VAL,827727,827957,8,0
VAL_W0240,VAL,828046,828124,2,0
VAL_W0241,VAL,828339,828595,10,0
VAL_W0242,VAL,828622,828878,9,0
VAL_W0243,VAL,828928,829103,6,0
VAL_W0244,VAL,829204,829494,8,0
VAL_W0245,VAL,829507,829742,12,0
VAL_W0246,VAL,829808,830093,13,0
VAL_W0247,VAL,830145,830364,14,0
VAL_W0248,VAL,830500,830660,18,1
VAL_W0249,VAL,830711,830973,12,1
VAL_W0250,VAL,831013,831249,12,0
VAL_W0251,VAL,831328,831600,13,0
VAL_W0252,VAL,831604,831811,8,0
VAL_W0253,VAL,831964,832185,11,0
VAL_W0254,VAL,832240,832481,12,0
VAL_W0255,VAL,832521,832761,13,0
VAL_W0256,VAL,832830,833042,8,0
VAL_W0257,VAL,833127,833397,12,0
VAL_W0258,VAL,833407,833646,14,0
VAL_W0259,VAL,833728,833913,6,0
VAL_W0260,VAL,834006,834299,7,0
VAL_W0261,VAL,834320,834456,7,0
VAL_W0262,VAL,834751,834846,5,0
VAL_W0263,VAL,834901,835188,16,0
VAL_W0264,VAL,835201,835494,24,0
VAL_W0265,VAL,835589,835762,8,0
VAL_W0266,VAL,835852,836065,10,0
VAL_W0267,VAL,836111,836396,8,0
VAL_W0268,VAL,836457,836695,11,0
VAL_W0269,VAL,836708,836991,9,0
VAL_W0270,VAL,837013,837273,5,0
VAL_W0271,VAL,837305,837570,9,0
VAL_W0272,VAL,837625,837893,4,0
VAL_W0274,VAL,838231,838461,9,0
VAL_W0275,VAL,838521,838778,6,0
VAL_W0276,VAL,838863,839077,8,0
VAL_W0277,VAL,839179,839338,4,0
VAL_W0278,VAL,839424,839695,5,0
VAL_W0279,VAL,839703,839956,10,0
VAL_W0280,VAL,840100,840283,12,0
VAL_W0281,VAL,840310,840574,7,0
VAL_W0282,VAL,840609,840849,6,0
VAL_W0283,VAL,840901,841182,8,0
VAL_W0284,VAL,841228,841459,13,0
VAL_W0285,VAL,841646,841779,5,0
VAL_W0286,VAL,841855,842096,7,0
VAL_W0287,VAL,842207,842366,6,0
VAL_W0288,VAL,842401,842635,13,0
VAL_W0289,VAL,842808,842975,8,0
VAL_W0290,VAL,843022,843296,4,0
VAL_W0291,VAL,843535,843588,3,0
VAL_W0292,VAL,843614,843888,6,0
VAL_W0293,VAL,843916,844130,3,0
VAL_W0294,VAL,844217,844452,7,0
VAL_W0295,VAL,844519,844778,13,0
VAL_W0296,VAL,844814,845011,6,0
VAL_W0297,VAL,845134,845372,9,0
VAL_W0298,VAL,845449,845659,5,0
VAL_W0299,VAL,845719,845985,3,0
VAL_W0300,VAL,846033,846196,7,0
VAL_W0301,VAL,846344,846460,2,0
VAL_W0302,VAL,846662,846770,2,0
VAL_W0303,VAL,846956,847141,2,0
VAL_W0304,VAL,847229,847466,4,0
VAL_W0305,VAL,847501,847775,11,0
VAL_W0306,VAL,847986,848099,6,0
VAL_W0307,VAL,848200,848343,11,0
VAL_W0308,VAL,848446,848691,9,0
VAL_W0309,VAL,848729,848990,6,0
VAL_W0310,VAL,849007,849211,7,0
VAL_W0311,VAL,849349,849600,8,0
VAL_W0312,VAL,849636,849887,10,0
VAL_W0313,VAL,849926,850193,7,0
VAL_W0314,VAL,850239,850500,7,0
VAL_W0315,VAL,850527,850799,10,0
VAL_W0316,VAL,850802,851042,7,0
VAL_W0317,VAL,851143,851367,9,0
VAL_W0318,VAL,851401,851642,5,0
VAL_W0319,VAL,851735,851985,6,0
VAL_W0320,VAL,852107,852285,7,0
VAL_W0321,VAL,852343,852574,9,0
VAL_W0322,VAL,852652,852886,9,0
VAL_W0323,VAL,852955,853130,6,0
VAL_W0324,VAL,853239,853405,11,0
VAL_W0325,VAL,853515,853738,9,0
VAL_W0326,VAL,853830,854000,8,0
VAL_W0327,VAL,854124,854372,7,0
VAL_W0328,VAL,854406,854691,10,0
VAL_W0329,VAL,854757,854979,2,0
VAL_W0330,VAL,855070,855261,6,0
VAL_W0331,VAL,855308,855593,5,0
VAL_W0332,VAL,855626,855839,7,0
VAL_W0333,VAL,855930,856177,6,0
VAL_W0334,VAL,856201,856449,9,0
VAL_W0335,VAL,856519,856763,6,0
VAL_W0336,VAL,856827,857047,5,0
VAL_W0337,VAL,857177,857379,7,0
VAL_W0338,VAL,857433,857682,5,0
VAL_W0339,VAL,857707,858000,8,0
VAL_W0340,VAL,858015,858296,8,0
VAL_W0341,VAL,858315,858485,6,0
VAL_W0342,VAL,858690,858801,3,0
VAL_W0343,VAL,858909,859102,8,0
VAL_W0344,VAL,859232,859488,4,0
VAL_W0345,VAL,859532,859770,6,0
VAL_W0346,VAL,859807,860003,4,0
VAL_W0347,VAL,860201,860387,3,0
VAL_W0348,VAL,860402,860700,9,0
VAL_W0349,VAL,860792,860997,6,0
VAL_W0350,VAL,861052,861213,7,0
VAL_W0351,VAL,861301,861462,6,0
VAL_W0352,VAL,861632,861838,5,0
VAL_W0353,VAL,861968,862088,2,0
VAL_W0354,VAL,862217,862312,3,0
VAL_W0355,VAL,862551,862788,8,0
VAL_W0356,VAL,862819,863098,9,0
VAL_W0357,VAL,863114,863308,6,0
VAL_W0359,VAL,863888,863932,2,0
VAL_W0360,VAL,864015,864252,10,0
VAL_W0361,VAL,864355,864529,6,0
VAL_W0362,VAL,864885,864889,2,0
VAL_W0363,VAL,864913,865140,6,0
VAL_W0364,VAL,865212,865500,7,0
VAL_W0365,VAL,865612,865742,4,0
VAL_W0366,VAL,865813,866012,3,0
VAL_W0367,VAL,866171,866324,2,0
VAL_W0368,VAL,866558,866611,3,0
VAL_W0369,VAL,866711,866965,4,0
VAL_W0370,VAL,867048,867242,4,0
VAL_W0371,VAL,867313,867497,6,0
VAL_W0372,VAL,867622,867806,4,0
VAL_W0373,VAL,868013,868133,4,0
VAL_W0374,VAL,868221,868388,7,0
VAL_W0375,VAL,868529,868739,7,0
VAL_W0376,VAL,868840,869026,4,0
VAL_W0377,VAL,869138,869365,3,0
VAL_W0378,VAL,869409,869685,9,0
VAL_W0379,VAL,869719,869918,2,0
VAL_W0380,VAL,870025,870285,8,0
VAL_W0381,VAL,870310,870479,3,0
VAL_W0382,VAL,870605,870830,6,0
VAL_W0383,VAL,870958,871145,3,0
VAL_W0384,VAL,871252,871487,4,0
VAL_W0385,VAL,871529,871739,6,0
VAL_W0386,VAL,871829,871993,2,0
VAL_W0387,VAL,872106,872342,12,0
VAL_W0388,VAL,872433,872659,5,0
VAL_W0389,VAL,872725,872999,4,0
VAL_W0390,VAL,873035,873257,4,0
VAL_W0391,VAL,873372,873547,3,0
VAL_W0392,VAL,873695,873863,8,0
VAL_W0393,VAL,873907,874187,5,0
VAL_W0394,VAL,874207,874475,7,0
VAL_W0395,VAL,874552,874799,7,0
VAL_W0396,VAL,874818,875082,5,0
VAL_W0397,VAL,875193,875396,5,0
VAL_W0398,VAL,875441,875594,5,0
VAL_W0399,VAL,875701,875900,5,0
VAL_W0400,VAL,876135,876243,4,0
VAL_W0401,VAL,876324,876520,5,0
VAL_W0402,VAL,876616,876861,10,0
VAL_W0403,VAL,876930,877149,6,0
VAL_W0404,VAL,877332,877477,4,0
VAL_W0405,VAL,877561,877787,7,0
VAL_W0406,VAL,877809,878038,6,0
VAL_W0407,VAL,878179,878367,7,0
VAL_W0408,VAL,878404,878617,3,0
VAL_W0409,VAL,878833,878991,4,0
VAL_W0410,VAL,879063,879289,6,0
VAL_W0411,VAL,879314,879600,8,0
VAL_W0412,VAL,879657,879821,6,0
VAL_W0413,VAL,879933,880190,3,0
VAL_W0414,VAL,880377,880478,2,0
VAL_W0415,VAL,880501,880686,7,0
VAL_W0416,VAL,880857,881097,10,0
VAL_W0417,VAL,881157,881365,10,0
VAL_W0418,VAL,881452,881678,5,0
VAL_W0419,VAL,881752,881759,2,0
VAL_W0420,VAL,882113,882258,8,0
VAL_W0421,VAL,882302,882492,7,0
VAL_W0422,VAL,882665,882780,3,0
VAL_W0423,VAL,882916,883095,4,0
VAL_W0424,VAL,883261,883452,7,0
VAL_W0425,VAL,883537,883749,4,0
VAL_W0426,VAL,883801,884099,3,0
VAL_W0427,VAL,884134,884330,5,0
VAL_W0428,VAL,884438,884692,13,0
VAL_W0429,VAL,884713,884989,15,0
VAL_W0430,VAL,885064,885223,7,0
VAL_W0431,VAL,885312,885596,5,0
VAL_W0432,VAL,885652,885884,5,0
VAL_W0433,VAL,885901,886186,4,0
VAL_W0434,VAL,886210,886490,10,0
VAL_W0435,VAL,886511,886720,4,0
VAL_W0436,VAL,886861,887079,10,0
VAL_W0437,VAL,887110,887400,6,0
VAL_W0438,VAL,887414,887671,9,0
VAL_W0439,VAL,887717,887981,9,0
VAL_W0440,VAL,888001,888212,4,0
VAL_W0441,VAL,888358,888553,5,0
VAL_W0442,VAL,888618,888847,5,0
VAL_W0443,VAL,888916,889078,5,0
VAL_W0444,VAL,889238,889486,5,0
VAL_W0445,VAL,889563,889745,8,0
VAL_W0446,VAL,889915,889958,2,0
VAL_W0447,VAL,890179,890360,2,0
VAL_W0448,VAL,890431,890631,11,0
VAL_W0449,VAL,890706,890794,5,0
VAL_W0450,VAL,891026,891279,5,0
VAL_W0451,VAL,891319,891518,6,0
VAL_W0452,VAL,891618,891797,3,0
VAL_W0453,VAL,891983,892164,4,0
VAL_W0454,VAL,892219,892380,4,0
VAL_W0455,VAL,892508,892780,4,0
VAL_W0456,VAL,892863,893070,10,0
VAL_W0457,VAL,893119,893303,6,0
VAL_W0458,VAL,893467,893690,9,0
VAL_W0459,VAL,893719,893946,5,0
VAL_W0460,VAL,894043,894264,13,0
VAL_W0461,VAL,894330,894600,7,0
VAL_W0462,VAL,894611,894873,3,0
VAL_W0463,VAL,894919,895181,6,0
VAL_W0464,VAL,895205,895481,5,0
VAL_W0465,VAL,895530,895788,8,0
VAL_W0466,VAL,895872,895926,2,0
VAL_W0467,VAL,896142,896300,5,0
VAL_W0468,VAL,896422,896634,7,0
VAL_W0469,VAL,896720,896985,9,0
VAL_W0470,VAL,897066,897115,5,0
VAL_W0471,VAL,897323,897400,4,0
VAL_W0472,VAL,897634,897859,8,0
VAL_W0473,VAL,897925,898168,5,0
VAL_W0474,VAL,898220,898494,4,0
VAL_W0475,VAL,898519,898798,8,0
VAL_W0476,VAL,898920,899089,2,0
VAL_W0477,VAL,899134,899351,6,0
VAL_W0478,VAL,899434,899646,4,0
VAL_W0479,VAL,899730,899963,4,0
VAL_W0480,VAL,900084,900230,6,0
VAL_W0481,VAL,900327,900526,5,0
VAL_W0482,VAL,900630,900874,8,0
VAL_W0483,VAL,900950,901188,8,0
VAL_W0484,VAL,901232,901423,7,0
VAL_W0485,VAL,901505,901798,15,0
VAL_W0486,VAL,901808,902069,9,0
VAL_W0487,VAL,902221,902378,7,0
VAL_W0488,VAL,902416,902699,14,0
VAL_W0489,VAL,902723,902965,10,0
VAL_W0490,VAL,903030,903295,7,0
VAL_W0491,VAL,903460,903577,7,0
VAL_W0492,VAL,903625,903885,13,0
VAL_W0493,VAL,903915,904194,22,0
VAL_W0494,VAL,904244,904425,5,0
VAL_W0495,VAL,904576,904774,7,0
VAL_W0496,VAL,904815,905072,20,0
VAL_W0497,VAL,905112,905306,17,0
VAL_W0498,VAL,905440,905648,7,0
VAL_W0499,VAL,905715,905976,7,0
VAL_W0500,VAL,906006,906133,8,0
VAL_W0501,VAL,906328,906479,7,0
VAL_W0502,VAL,906603,906891,14,0
VAL_W0503,VAL,906953,907167,6,0
VAL_W0504,VAL,907213,907462,11,0
VAL_W0505,VAL,907505,907682,4,0
VAL_W0506,VAL,907804,908057,12,0
VAL_W0507,VAL,908129,908395,13,0
VAL_W0508,VAL,908402,908680,7,0
VAL_W0509,VAL,908728,908964,11,0
VAL_W0510,VAL,909013,909262,7,0
VAL_W0511,VAL,909358,909522,5,0
VAL_W0512,VAL,909602,909885,17,0
VAL_W0513,VAL,909903,910187,10,0
VAL_W0514,VAL,910219,910462,8,0
VAL_W0515,VAL,910581,910783,4,0
VAL_W0516,VAL,910812,911015,7,0
VAL_W0517,VAL,911140,911353,8,0
VAL_W0518,VAL,911404,911577,9,0
VAL_W0519,VAL,911781,911871,6,0
VAL_W0520,VAL,912049,912284,7,0
VAL_W0521,VAL,912344,912593,10,0
VAL_W0522,VAL,912660,912892,8,0
VAL_W0523,VAL,912923,913105,5,0
VAL_W0524,VAL,913220,913485,10,0
VAL_W0525,VAL,913523,913715,8,0
VAL_W0526,VAL,913820,914098,14,0
VAL_W0527,VAL,914186,914339,7,0
VAL_W0528,VAL,914434,914700,11,0
VAL_W0529,VAL,914709,914983,15,0
VAL_W0530,VAL,915004,915274,12,0
VAL_W0531,VAL,915301,915566,13,0
VAL_W0532,VAL,915601,915899,11,0
VAL_W0533,VAL,915919,916176,13,0
VAL_W0534,VAL,916204,916499,8,0
VAL_W0535,VAL,916558,916773,9,0
VAL_W0536,VAL,916816,917077,7,0
VAL_W0537,VAL,917143,917399,7,0
VAL_W0538,VAL,917491,917612,7,0
VAL_W0539,VAL,917701,917993,15,0
VAL_W0540,VAL,918025,918300,13,0
VAL_W0541,VAL,918322,918580,13,0
VAL_W0542,VAL,918624,918900,7,0
VAL_W0543,VAL,918919,919165,14,0
VAL_W0544,VAL,919278,919499,7,0
VAL_W0545,VAL,919504,919728,13,0
VAL_W0546,VAL,919817,920080,15,0
VAL_W0547,VAL,920105,920400,9,0
VAL_W0548,VAL,920425,920684,10,0
VAL_W0549,VAL,920716,920996,5,0
VAL_W0550,VAL,921004,921265,13,0
VAL_W0551,VAL,921424,921564,8,0
VAL_W0552,VAL,921654,921898,10,0
VAL_W0553,VAL,921901,922184,13,0
VAL_W0554,VAL,922201,922426,9,0
VAL_W0555,VAL,922535,922693,7,0
VAL_W0556,VAL,922808,923070,6,0
VAL_W0557,VAL,923133,923394,10,0
VAL_W0558,VAL,923411,923699,14,0
VAL_W0559,VAL,923702,923985,9,0
VAL_W0560,VAL,924102,924278,8,0
VAL_W0561,VAL,924390,924527,5,0
VAL_W0562,VAL,924603,924890,6,0
VAL_W0563,VAL,924941,925193,6,0
VAL_W0564,VAL,925263,925492,11,0
VAL_W0565,VAL,925514,925780,11,0
VAL_W0566,VAL,925814,926025,6,0
VAL_W0567,VAL,926122,926294,3,0
VAL_W0568,VAL,926474,926679,8,0
VAL_W0569,VAL,926739,926984,7,0
VAL_W0570,VAL,927021,927285,8,0
VAL_W0571,VAL,927301,927482,8,0
VAL_W0572,VAL,927680,927877,10,0
VAL_W0573,VAL,927911,928121,9,0
VAL_W0574,VAL,928204,928482,9,0
VAL_W0575,VAL,928526,928778,8,0
VAL_W0576,VAL,928841,929048,5,0
VAL_W0577,VAL,929116,929354,14,0
VAL_W0578,VAL,929430,929679,11,0
VAL_W0579,VAL,929817,929968,9,0
VAL_W0580,VAL,930031,930283,7,0
VAL_W0581,VAL,930421,930523,4,0
VAL_W0582,VAL,930614,930880,7,0
VAL_W0583,VAL,930906,931185,8,0
VAL_W0584,VAL,931223,931480,14,0
VAL_W0585,VAL,931542,931745,8,0
VAL_W0586,VAL,931801,932099,9,0
VAL_W0587,VAL,932108,932237,5,0
VAL_W0588,VAL,932440,932570,5,0
VAL_W0589,VAL,932709,932992,9,0
VAL_W0590,VAL,933002,933290,7,0
VAL_W0591,VAL,933341,933563,7,0
VAL_W0592,VAL,933674,933809,5,0
VAL_W0593,VAL,933905,934035,7,0
VAL_W0594,VAL,934213,934480,8,0
VAL_W0595,VAL,934521,934750,8,0
VAL_W0596,VAL,934835,935089,12,0
VAL_W0597,VAL,935234,935234,2,0
VAL_W0598,VAL,935431,935648,8,0
VAL_W0599,VAL,935778,935964,7,0
VAL_W0600,VAL,936001,936285,9,0
VAL_W0601,VAL,936384,936565,10,0
VAL_W0602,VAL,936616,936893,10,0
VAL_W0603,VAL,936922,937198,8,0
VAL_W0604,VAL,937232,937417,6,0
VAL_W0605,VAL,937533,937797,8,0
VAL_W0606,VAL,937802,938044,9,0
VAL_W0607,VAL,938103,938353,6,0
VAL_W0608,VAL,938441,938614,4,0
VAL_W0609,VAL,938705,938981,8,0
VAL_W0610,VAL,939047,939276,6,0
VAL_W0611,VAL,939429,939557,5,0
VAL_W0612,VAL,939601,939785,10,0
VAL_W0613,VAL,939938,940181,7,0
VAL_W0614,VAL,940205,940384,11,0
VAL_W0615,VAL,940632,940735,3,0
VAL_W0616,VAL,940812,941090,6,0
VAL_W0617,VAL,941159,941351,5,0
VAL_W0618,VAL,941426,941700,8,0
VAL_W0619,VAL,941722,941985,8,0
VAL_W0620,VAL,942028,942289,13,0
VAL_W0621,VAL,942350,942563,6,0
VAL_W0622,VAL,942620,942730,5,0
VAL_W0623,VAL,942975,943172,5,0
VAL_W0624,VAL,943285,943470,5,0
VAL_W0625,VAL,943555,943782,6,0
VAL_W0626,VAL,943806,944027,5,0
VAL_W0627,VAL,944121,944400,6,0
VAL_W0628,VAL,944408,944647,6,0
VAL_W0629,VAL,944720,944942,6,0
VAL_W0630,VAL,945012,945290,8,0
VAL_W0631,VAL,945303,945516,4,0
VAL_W0632,VAL,945640,945893,5,0
VAL_W0633,VAL,945902,946196,7,0
VAL_W0634,VAL,946242,946320,2,0
VAL_W0635,VAL,946528,946795,9,0
VAL_W0636,VAL,946914,947091,4,0
VAL_W0637,VAL,947212,947392,7,0
VAL_W0638,VAL,947401,947664,11,0
VAL_W0639,VAL,947808,947990,9,0
VAL_W0640,VAL,948139,948263,3,0
VAL_W0641,VAL,948337,948511,5,0
VAL_W0642,VAL,948612,948859,6,0
VAL_W0643,VAL,948944,949193,6,0
VAL_W0644,VAL,949231,949464,10,0
VAL_W0645,VAL,949532,949798,6,0
VAL_W0646,VAL,949808,950064,8,0
VAL_W0647,VAL,950146,950334,6,0
VAL_W0648,VAL,950447,950690,11,0
VAL_W0649,VAL,950764,951000,6,0
VAL_W0650,VAL,951096,951254,9,0
VAL_W0651,VAL,951405,951522,7,0
VAL_W0652,VAL,951619,951847,8,0
VAL_W0653,VAL,951909,952181,6,0
VAL_W0654,VAL,952262,952342,4,0
VAL_W0655,VAL,952501,952712,8,0
VAL_W0656,VAL,952809,953046,6,0
VAL_W0657,VAL,953105,953373,5,0
VAL_W0658,VAL,953424,953612,6,0
VAL_W0659,VAL,953746,953988,5,0
VAL_W0660,VAL,954002,954272,7,0
VAL_W0661,VAL,954406,954522,6,0
VAL_W0662,VAL,954690,954890,4,0
VAL_W0663,VAL,954992,955149,5,0
VAL_W0664,VAL,955227,955366,6,0
VAL_W0665,VAL,955548,955778,8,0
VAL_W0666,VAL,955857,956037,7,0
VAL_W0667,VAL,956125,956399,6,0
VAL_W0668,VAL,956597,956636,2,0
VAL_W0669,VAL,956732,956979,9,0
VAL_W0670,VAL,957168,957235,4,0
VAL_W0671,VAL,957302,957570,10,0
VAL_W0672,VAL,957634,957899,8,0
VAL_W0673,VAL,957976,958200,7,0
VAL_W0674,VAL,958238,958451,7,0
VAL_W0675,VAL,958627,958746,5,0
VAL_W0676,VAL,958818,959071,9,0
VAL_W0677,VAL,959111,959373,6,0
VAL_W0678,VAL,959417,959542,2,0
VAL_W0679,VAL,959886,959935,4,0
VAL_W0680,VAL,960109,960274,7,0
VAL_W0681,VAL,960330,960590,7,0
VAL_W0682,VAL,960609,960883,10,0
VAL_W0683,VAL,960932,961160,4,0
VAL_W0684,VAL,961249,961426,6,0
VAL_W0685,VAL,961501,961795,5,0
VAL_W0686,VAL,961823,962035,3,0
VAL_W0687,VAL,962178,962271,3,0
VAL_W0688,VAL,962410,962593,7,0
VAL_W0689,VAL,962734,962980,5,0
VAL_W0690,VAL,963061,963189,2,0
VAL_W0691,VAL,963319,963447,5,0
VAL_W0692,VAL,963621,963813,7,0
VAL_W0693,VAL,963910,964180,6,0
VAL_W0694,VAL,964218,964489,8,0
VAL_W0695,VAL,964669,964669,1,0
VAL_W0696,VAL,964850,964957,4,0
VAL_W0697,VAL,965160,965326,4,0
VAL_W0698,VAL,965403,965555,6,0
VAL_W0699,VAL,965704,965947,4,0
VAL_W0700,VAL,966009,966284,7,0
VAL_W0701,VAL,966375,966597,7,0
VAL_W0702,VAL,966613,966851,9,0
VAL_W0703,VAL,966907,967187,10,0
VAL_W0704,VAL,967325,967474,4,0
VAL_W0705,VAL,967527,967779,3,0
VAL_W0706,VAL,967908,968024,4,0
VAL_W0707,VAL,968175,968364,5,0
VAL_W0708,VAL,968414,968694,12,0
VAL_W0709,VAL,968705,968999,8,0
VAL_W0710,VAL,969085,969281,5,0
VAL_W0711,VAL,969361,969526,6,0
VAL_W0712,VAL,969654,969792,10,0
VAL_W0713,VAL,969983,970136,5,0
VAL_W0714,VAL,970225,970500,9,0
VAL_W0715,VAL,970514,970777,9,0
VAL_W0716,VAL,970849,970957,8,0
VAL_W0717,VAL,971119,971386,5,0
VAL_W0718,VAL,971470,971688,7,0
VAL_W0719,VAL,971726,971964,4,0
VAL_W0720,VAL,972066,972284,9,0
VAL_W0721,VAL,972307,972512,9,0
VAL_W0722,VAL,972649,972847,6,0
VAL_W0723,VAL,972904,973137,7,0
VAL_W0724,VAL,973206,973450,9,0
VAL_W0725,VAL,973522,973776,9,0
VAL_W0726,VAL,973813,974073,11,0
VAL_W0727,VAL,974170,974318,5,0
VAL_W0728,VAL,974402,974682,8,0
VAL_W0729,VAL,974790,974990,6,0
VAL_W0730,VAL,975057,975267,5,0
VAL_W0731,VAL,975360,975533,7,0
VAL_W0732,VAL,975608,975856,4,0
VAL_W0733,VAL,975913,976136,5,0
VAL_W0734,VAL,976231,976442,7,0
VAL_W0735,VAL,976572,976748,4,0
VAL_W0736,VAL,976809,977029,4,0
VAL_W0738,VAL,977448,977688,8,0
VAL_W0739,VAL,977701,977976,11,0
VAL_W0740,VAL,978088,978280,7,0
VAL_W0741,VAL,978424,978558,8,0
VAL_W0742,VAL,978616,978812,8,0
VAL_W0743,VAL,978931,979188,7,0
VAL_W0744,VAL,979228,979495,9,0
VAL_W0745,VAL,979507,979742,7,0
VAL_W0746,VAL,979841,980068,4,0
VAL_W0747,VAL,980186,980318,3,0
VAL_W0748,VAL,980409,980680,12,0
VAL_W0749,VAL,980735,980946,7,0
VAL_W0750,VAL,981039,981300,9,0
VAL_W0751,VAL,981390,981569,6,0
VAL_W0752,VAL,981650,981778,3,0
VAL_W0753,VAL,981944,982198,8,0
VAL_W0754,VAL,982220,982494,7,0
VAL_W0755,VAL,982594,982787,9,0
VAL_W0756,VAL,982834,982968,4,0
VAL_W0757,VAL,983109,983397,15,0
VAL_W0758,VAL,983435,983690,11,0
VAL_W0759,VAL,983707,983930,8,0
VAL_W0760,VAL,984065,984227,8,0
VAL_W0761,VAL,984334,984557,7,0
VAL_W0762,VAL,984601,984865,8,0
VAL_W0763,VAL,984923,985186,7,0
VAL_W0764,VAL,985243,985485,4,0
VAL_W0765,VAL,985508,985792,11,0
VAL_W0766,VAL,985815,986053,11,0
VAL_W0767,VAL,986151,986365,5,0
VAL_W0768,VAL,986448,986697,9,0
VAL_W0769,VAL,986795,986997,6,0
VAL_W0770,VAL,987005,987207,9,0
VAL_W0771,VAL,987325,987519,12,0
VAL_W0772,VAL,987657,987768,7,0
VAL_W0773,VAL,987904,988170,20,0
VAL_W0774,VAL,988226,988484,19,0
VAL_W0775,VAL,988508,988799,14,0
VAL_W0776,VAL,988803,989085,11,0
VAL_W0777,VAL,989133,989366,9,0
VAL_W0778,VAL,989473,989681,7,0
VAL_W0779,VAL,989765,989952,5,0
VAL_W0780,VAL,990006,990287,13,0
VAL_W0781,VAL,990348,990530,6,0
VAL_W0782,VAL,990633,990899,13,0
VAL_W0783,VAL,990902,991111,5,0
VAL_W0784,VAL,991227,991500,8,0
VAL_W0785,VAL,991534,991800,7,0
VAL_W0786,VAL,991832,992073,12,0
VAL_W0787,VAL,992101,992400,5,0
VAL_W0788,VAL,992434,992685,9,0
VAL_W0789,VAL,992793,992998,8,0
VAL_W0790,VAL,993001,993290,9,0
VAL_W0791,VAL,993358,993561,6,0
VAL_W0792,VAL,993688,993875,7,0
VAL_W0793,VAL,993930,994065,5,0
VAL_W0794,VAL,994212,994458,9,0
VAL_W0795,VAL,994531,994762,16,0
VAL_W0796,VAL,994842,995087,10,0
VAL_W0797,VAL,995104,995388,13,0
VAL_W0798,VAL,995467,995677,11,0
VAL_W0799,VAL,995713,995943,15,0
VAL_W0800,VAL,996046,996297,19,0
VAL_W0801,VAL,996306,996599,42,0
VAL_W0802,VAL,996602,996900,32,0
VAL_W0803,VAL,996984,997174,4,0
VAL_W0804,VAL,997202,997440,12,0
VAL_W0805,VAL,997530,997738,11,0
VAL_W0806,VAL,997818,998092,12,0
VAL_W0807,VAL,998129,998337,9,0
VAL_W0808,VAL,998416,998663,11,0
VAL_W0809,VAL,998740,998988,8,0
VAL_W0810,VAL,999004,999284,6,0
VAL_W0811,VAL,999393,999492,7,0
VAL_W0812,VAL,999643,999836,9,0
VAL_W0813,VAL,999918,1000198,8,0
VAL_W0814,VAL,1000224,1000491,10,0
VAL_W0815,VAL,1000593,1000765,4,0
VAL_W0816,VAL,1000816,1001095,11,0
VAL_W0817,VAL,1001105,1001376,14,0
VAL_W0818,VAL,1001401,1001680,16,0
VAL_W0819,VAL,1001719,1001997,9,0
VAL_W0820,VAL,1002057,1002268,7,0
VAL_W0821,VAL,1002303,1002557,10,0
VAL_W0822,VAL,1002614,1002844,10,0
VAL_W0823,VAL,1002921,1003179,7,0
VAL_W0824,VAL,1003286,1003471,7,0
VAL_W0825,VAL,1003549,1003799,7,0
VAL_W0826,VAL,1003832,1004087,8,0
VAL_W0827,VAL,1004104,1004399,9,0
VAL_W0828,VAL,1004438,1004664,8,0
VAL_W0829,VAL,1004722,1004930,6,0
VAL_W0830,VAL,1005012,1005278,9,0
VAL_W0831,VAL,1005321,1005557,7,0
VAL_W0832,VAL,1005703,1005857,5,0
VAL_W0833,VAL,1005964,1006165,11,0
VAL_W0834,VAL,1006239,1006497,9,0
VAL_W0835,VAL,1006520,1006800,13,0
VAL_W0836,VAL,1006816,1007026,10,0
VAL_W0837,VAL,1007113,1007375,11,0
VAL_W0838,VAL,1007402,1007683,17,0
VAL_W0839,VAL,1007709,1007945,7,0
VAL_W0840,VAL,1008002,1008271,12,0
VAL_W0841,VAL,1008325,1008496,12,0
VAL_W0842,VAL,1008616,1008872,11,0
VAL_W0843,VAL,1008924,1009186,10,0
VAL_W0844,VAL,1009218,1009446,10,0
VAL_W0845,VAL,1009509,1009743,6,0
VAL_W0846,VAL,1009809,1010099,12,0
VAL_W0847,VAL,1010131,1010391,11,0
VAL_W0848,VAL,1010426,1010663,13,0
VAL_W0849,VAL,1010735,1010889,8,0
VAL_W0850,VAL,1011019,1011262,9,0
VAL_W0851,VAL,1011331,1011555,9,0
VAL_W0852,VAL,1011604,1011890,9,0
VAL_W0853,VAL,1011950,1012148,9,0
VAL_W0854,VAL,1012225,1012499,9,0
VAL_W0855,VAL,1012501,1012770,17,0
VAL_W0856,VAL,1012802,1013077,8,0
VAL_W0857,VAL,1013110,1013364,9,0
VAL_W0858,VAL,1013416,1013700,14,0
VAL_W0859,VAL,1013720,1013981,12,0
VAL_W0860,VAL,1014030,1014161,5,0
VAL_W0861,VAL,1014313,1014580,8,0
VAL_W0862,VAL,1014619,1014898,6,0
VAL_W0863,VAL,1014941,1015157,9,0
VAL_W0864,VAL,1015201,1015487,14,0
VAL_W0865,VAL,1015587,1015781,5,0
VAL_W0866,VAL,1015850,1016080,9,0
VAL_W0867,VAL,1016120,1016379,11,0
VAL_W0868,VAL,1016485,1016677,3,0
VAL_W0869,VAL,1016762,1016966,10,0
VAL_W0870,VAL,1017010,1017292,13,0
VAL_W0871,VAL,1017316,1017582,9,0
VAL_W0872,VAL,1017602,1017866,10,0
VAL_W0873,VAL,1017903,1018186,7,0
VAL_W0874,VAL,1018214,1018464,14,0
VAL_W0875,VAL,1018506,1018765,7,0
VAL_W0876,VAL,1018801,1019089,16,0
VAL_W0877,VAL,1019153,1019394,11,0
VAL_W0878,VAL,1019455,1019686,11,0
VAL_W0879,VAL,1019747,1019983,11,0
VAL_W0880,VAL,1020050,1020283,14,0
VAL_W0881,VAL,1020374,1020600,10,0
VAL_W0882,VAL,1020614,1020840,7,0
VAL_W0883,VAL,1020907,1021177,7,0
VAL_W0884,VAL,1021211,1021487,8,0
VAL_W0885,VAL,1021550,1021767,7,0
VAL_W0886,VAL,1021820,1022007,9,0
VAL_W0887,VAL,1022120,1022395,16,0
VAL_W0888,VAL,1022447,1022694,14,0
VAL_W0889,VAL,1022785,1022993,9,0
VAL_W0890,VAL,1023007,1023297,12,0
VAL_W0891,VAL,1023318,1023589,13,0
VAL_W0892,VAL,1023609,1023888,11,0
VAL_W0893,VAL,1023909,1024200,13,0
VAL_W0894,VAL,1024223,1024459,9,0
VAL_W0895,VAL,1024508,1024785,11,0
VAL_W0896,VAL,1024829,1025094,14,0
VAL_W0897,VAL,1025106,1025392,10,0
VAL_W0898,VAL,1025432,1025672,12,0
VAL_W0899,VAL,1025741,1025979,8,0
VAL_W0900,VAL,1026030,1026240,13,0
VAL_W0901,VAL,1026337,1026588,10,0
VAL_W0902,VAL,1026684,1026876,10,0
VAL_W0903,VAL,1026926,1027200,15,0
VAL_W0904,VAL,1027232,1027466,8,0
VAL_W0905,VAL,1027503,1027763,15,0
VAL_W0906,VAL,1027819,1028100,15,0
VAL_W0907,VAL,1028206,1028396,13,0
VAL_W0908,VAL,1028448,1028681,19,0
VAL_W0909,VAL,1028746,1028979,15,0
VAL_W0910,VAL,1029032,1029298,11,0
VAL_W0911,VAL,1029313,1029531,14,0
VAL_W0912,VAL,1029607,1029874,16,0
VAL_W0913,VAL,1029927,1030138,16,0
VAL_W0914,VAL,1030202,1030490,17,0
VAL_W0915,VAL,1030525,1030797,13,0
VAL_W0916,VAL,1030847,1031083,15,0
VAL_W0917,VAL,1031133,1031391,21,0
VAL_W0918,VAL,1031438,1031651,12,0
VAL_W0919,VAL,1031701,1031989,22,0
VAL_W0920,VAL,1032040,1032282,17,0
VAL_W0921,VAL,1032333,1032591,13,0
VAL_W0922,VAL,1032616,1032845,21,0
VAL_W0923,VAL,1032903,1033195,23,0
VAL_W0924,VAL,1033207,1033488,20,0
VAL_W0925,VAL,1033561,1033784,16,0
VAL_W0926,VAL,1033839,1034093,14,0
VAL_W0927,VAL,1034102,1034393,17,0
VAL_W0928,VAL,1034404,1034690,20,0
VAL_W0929,VAL,1034708,1034977,21,0
VAL_W0930,VAL,1035007,1035285,11,0
VAL_W0931,VAL,1035303,1035582,19,0
VAL_W0932,VAL,1035601,1035895,20,0
VAL_W0933,VAL,1035906,1036189,14,0
VAL_W0934,VAL,1036201,1036499,20,0
VAL_W0935,VAL,1036518,1036769,12,0
TEST_W0000,TEST,1036802,1037095,28,0
TEST_W0001,TEST,1037112,1037388,12,0
TEST_W0002,TEST,1037424,1037700,12,0
TEST_W0003,TEST,1037746,1037969,8,0
TEST_W0004,TEST,1038003,1038300,20,0
TEST_W0005,TEST,1038336,1038601,13,0
TEST_W0006,TEST,1038603,1038875,14,0
TEST_W0007,TEST,1038904,1039171,14,0
TEST_W0008,TEST,1039215,1039476,13,0
TEST_W0009,TEST,1039541,1039801,18,0
TEST_W0010,TEST,1039806,1040091,15,0
TEST_W0011,TEST,1040132,1040390,15,0
TEST_W0012,TEST,1040409,1040687,22,0
TEST_W0013,TEST,1040711,1040962,14,0
TEST_W0014,TEST,1041016,1041282,13,0
TEST_W0015,TEST,1041305,1041588,21,0
TEST_W0016,TEST,1041617,1041862,22,0
TEST_W0017,TEST,1041904,1042201,15,0
TEST_W0018,TEST,1042202,1042485,17,0
TEST_W0019,TEST,1042513,1042799,12,0
TEST_W0020,TEST,1042802,1043095,18,0
TEST_W0021,TEST,1043104,1043368,24,0
TEST_W0022,TEST,1043405,1043695,13,0
TEST_W0023,TEST,1043777,1043969,13,0
TEST_W0024,TEST,1044009,1044291,16,0
TEST_W0025,TEST,1044302,1044579,18,0
TEST_W0026,TEST,1044610,1044899,19,0
TEST_W0027,TEST,1044906,1045201,17,0
TEST_W0028,TEST,1045202,1045483,12,0
TEST_W0029,TEST,1045524,1045801,15,0
TEST_W0030,TEST,1045802,1046101,23,0
TEST_W0031,TEST,1046102,1046393,17,0
TEST_W0032,TEST,1046426,1046599,13,0
TEST_W0033,TEST,1046722,1046992,16,0
TEST_W0034,TEST,1047003,1047286,23,0
TEST_W0035,TEST,1047302,1047601,23,0
TEST_W0036,TEST,1047609,1047893,15,0
TEST_W0037,TEST,1047902,1048194,15,0
TEST_W0038,TEST,1048217,1048501,14,0
TEST_W0039,TEST,1048510,1048800,19,0
TEST_W0040,TEST,1048815,1049098,13,0
TEST_W0041,TEST,1049102,1049352,23,0
TEST_W0042,TEST,1049411,1049701,15,0
TEST_W0043,TEST,1049704,1049999,18,0
TEST_W0044,TEST,1050007,1050301,21,0
TEST_W0045,TEST,1050302,1050566,15,0
TEST_W0046,TEST,1050609,1050901,23,0
TEST_W0047,TEST,1050903,1051191,21,0
TEST_W0048,TEST,1051210,1051496,13,0
TEST_W0049,TEST,1051513,1051789,19,0
TEST_W0050,TEST,1051806,1052092,24,0
TEST_W0051,TEST,1052103,1052327,19,0
TEST_W0052,TEST,1052443,1052696,14,0
TEST_W0053,TEST,1052717,1052982,20,0
TEST_W0054,TEST,1053002,1053287,19,0
TEST_W0055,TEST,1053306,1053588,14,0
TEST_W0056,TEST,1053609,1053892,23,0
TEST_W0057,TEST,1053914,1054174,28,0
TEST_W0058,TEST,1054202,1054498,18,0
TEST_W0059,TEST,1054537,1054787,13,0
TEST_W0060,TEST,1054802,1055100,21,0
TEST_W0061,TEST,1055103,1055401,15,0
TEST_W0062,TEST,1055402,1055689,18,0
TEST_W0063,TEST,1055722,1055971,11,0
TEST_W0064,TEST,1056004,1056290,27,0
TEST_W0065,TEST,1056318,1056592,19,0
TEST_W0066,TEST,1056602,1056900,18,0
TEST_W0067,TEST,1056902,1057194,19,0
TEST_W0068,TEST,1057205,1057483,22,0
TEST_W0069,TEST,1057522,1057798,22,0
TEST_W0070,TEST,1057804,1058100,21,0
TEST_W0071,TEST,1058106,1058400,24,0
TEST_W0072,TEST,1058402,1058667,27,0
TEST_W0073,TEST,1058722,1058996,28,0
TEST_W0074,TEST,1059034,1059301,23,0
TEST_W0075,TEST,1059324,1059586,17,0
TEST_W0076,TEST,1059605,1059867,27,0
TEST_W0077,TEST,1059907,1060200,28,0
TEST_W0078,TEST,1060207,1060494,24,0
TEST_W0079,TEST,1060521,1060790,24,0
TEST_W0080,TEST,1060802,1061095,33,0
TEST_W0081,TEST,1061102,1061392,27,0
TEST_W0082,TEST,1061403,1061642,18,0
TEST_W0083,TEST,1061702,1061959,30,0
TEST_W0084,TEST,1062002,1062297,37,0
TEST_W0085,TEST,1062311,1062592,26,0
TEST_W0086,TEST,1062605,1062889,38,0
TEST_W0087,TEST,1062950,1063197,39,0
TEST_W0088,TEST,1063202,1063496,32,0
TEST_W0089,TEST,1063502,1063797,39,0
TEST_W0090,TEST,1063812,1064101,46,0
TEST_W0091,TEST,1064103,1064395,28,0
TEST_W0092,TEST,1064407,1064683,34,0
TEST_W0093,TEST,1064708,1064999,42,0
TEST_W0094,TEST,1065002,1065289,60,0
TEST_W0095,TEST,1065311,1065591,45,0
TEST_W0096,TEST,1065602,1065896,58,0
TEST_W0097,TEST,1065905,1066185,64,0
TEST_W0098,TEST,1066212,1066483,43,1
TEST_W0099,TEST,1066504,1066799,50,1
TEST_W0100,TEST,1066809,1067079,37,0
TEST_W0101,TEST,1067103,1067388,31,0
TEST_W0102,TEST,1067405,1067701,42,0
TEST_W0103,TEST,1067702,1067999,49,0
TEST_W0104,TEST,1068003,1068299,61,0
TEST_W0105,TEST,1068302,1068595,51,1
TEST_W0106,TEST,1068618,1068901,53,1
TEST_W0107,TEST,1068902,1069201,36,1
TEST_W0108,TEST,1069202,1069488,59,0
TEST_W0109,TEST,1069517,1069794,49,0
TEST_W0110,TEST,1069802,1070100,65,1
TEST_W0111,TEST,1070107,1070399,53,1
TEST_W0112,TEST,1070402,1070701,65,1
TEST_W0113,TEST,1070702,1071000,71,0
TEST_W0114,TEST,1071002,1071297,53,1
TEST_W0115,TEST,1071303,1071601,53,1
TEST_W0116,TEST,1071602,1071892,53,0
TEST_W0117,TEST,1071902,1072201,64,0
TEST_W0118,TEST,1072203,1072499,58,1
TEST_W0119,TEST,1072502,1072801,58,1
TEST_W0120,TEST,1072806,1073086,65,1
TEST_W0121,TEST,1073108,1073394,43,1
TEST_W0122,TEST,1073403,1073700,77,0
TEST_W0123,TEST,1073709,1074001,60,1
TEST_W0124,TEST,1074010,1074293,57,1
TEST_W0125,TEST,1074302,1074599,59,1
TEST_W0126,TEST,1074602,1074900,66,1
TEST_W0127,TEST,1074902,1075201,70,1
TEST_W0128,TEST,1075202,1075494,78,1
TEST_W0129,TEST,1075517,1075793,63,1
TEST_W0130,TEST,1075804,1076100,62,1
TEST_W0131,TEST,1076103,1076401,72,1
TEST_W0132,TEST,1076402,1076701,87,1
TEST_W0133,TEST,1076707,1076999,72,1
TEST_W0134,TEST,1077004,1077298,83,1
TEST_W0135,TEST,1077302,1077598,82,1
TEST_W0136,TEST,1077603,1077893,77,1
TEST_W0137,TEST,1077903,1078198,78,1
TEST_W0138,TEST,1078202,1078496,64,0
TEST_W0139,TEST,1078503,1078798,57,1
TEST_W0140,TEST,1078802,1079101,82,0
TEST_W0141,TEST,1079105,1079396,56,0
TEST_W0142,TEST,1079402,1079691,69,0
TEST_W0143,TEST,1079702,1080001,108,1
TEST_W0144,TEST,1080002,1080299,72,1
TEST_W0145,TEST,1080302,1080601,76,1
TEST_W0146,TEST,1080603,1080901,87,0
TEST_W0147,TEST,1080903,1081199,75,1
TEST_W0148,TEST,1081202,1081500,104,0
TEST_W0149,TEST,1081514,1081799,66,1
TEST_W0150,TEST,1081805,1082100,90,1
TEST_W0151,TEST,1082102,1082401,80,1
TEST_W0152,TEST,1082402,1082700,85,0
TEST_W0153,TEST,1082702,1082976,88,0
TEST_W0154,TEST,1083002,1083301,84,0
TEST_W0155,TEST,1083302,1083601,100,0
TEST_W0156,TEST,1083602,1083901,78,0
TEST_W0157,TEST,1083904,1084198,94,0
TEST_W0158,TEST,1084206,1084497,99,0
TEST_W0159,TEST,1084505,1084801,107,0
TEST_W0160,TEST,1084802,1085101,109,0
TEST_W0161,TEST,1085102,1085398,109,0
TEST_W0162,TEST,1085402,1085701,101,0
TEST_W0163,TEST,1085711,1086001,99,0
TEST_W0164,TEST,1086002,1086301,129,0
TEST_W0165,TEST,1086302,1086601,116,1
TEST_W0166,TEST,1086602,1086901,132,1
TEST_W0167,TEST,1086902,1087201,115,1
TEST_W0168,TEST,1087202,1087501,135,0
TEST_W0169,TEST,1087503,1087788,111,0
TEST_W0170,TEST,1087803,1088101,131,1
TEST_W0171,TEST,1088104,1088401,126,0
TEST_W0172,TEST,1088405,1088700,110,1
TEST_W0173,TEST,1088702,1089001,128,0
TEST_W0174,TEST,1089002,1089301,155,1
TEST_W0175,TEST,1089306,1089601,137,1
TEST_W0176,TEST,1089602,1089900,147,1
TEST_W0177,TEST,1089902,1090201,173,1
TEST_W0178,TEST,1090202,1090501,165,0
TEST_W0179,TEST,1090502,1090801,175,1
TEST_W0180,TEST,1090803,1091101,167,1
TEST_W0181,TEST,1091103,1091401,173,0
TEST_W0182,TEST,1091402,1091701,176,0
TEST_W0183,TEST,1091702,1092001,161,0
TEST_W0184,TEST,1092002,1092300,199,1
TEST_W0185,TEST,1092303,1092599,181,1
TEST_W0186,TEST,1092602,1092901,192,0
TEST_W0187,TEST,1092902,1093201,197,0
TEST_W0188,TEST,1093202,1093500,214,0
TEST_W0189,TEST,1093502,1093801,201,1
TEST_W0190,TEST,1093802,1094101,226,1
TEST_W0191,TEST,1094102,1094401,237,0
TEST_W0192,TEST,1094402,1094701,239,1
TEST_W0193,TEST,1094702,1094999,260,0
TEST_W0194,TEST,1095002,1095301,229,1
TEST_W0195,TEST,1095302,1095601,245,1
TEST_W0196,TEST,1095602,1095901,255,1
TEST_W0197,TEST,1095902,1096201,260,1
TEST_W0198,TEST,1096202,1096499,229,1
TEST_W0199,TEST,1096503,1096800,225,0
TEST_W0200,TEST,1096802,1097101,213,0
TEST_W0201,TEST,1097102,1097401,287,0
TEST_W0202,TEST,1097402,1097701,282,0
TEST_W0203,TEST,1097702,1098001,243,0
TEST_W0204,TEST,1098002,1098301,280,0
TEST_W0205,TEST,1098302,1098601,299,0
TEST_W0206,TEST,1098602,1098901,291,0
TEST_W0207,TEST,1098902,1099201,324,1
TEST_W0208,TEST,1099202,1099501,287,1
TEST_W0209,TEST,1099502,1099801,304,1
TEST_W0210,TEST,1099802,1100101,298,1
TEST_W0211,TEST,1100102,1100401,298,1
TEST_W0212,TEST,1100403,1100701,276,0
TEST_W0213,TEST,1100702,1101001,330,0
TEST_W0214,TEST,1101003,1101301,318,0
TEST_W0215,TEST,1101302,1101601,337,1
TEST_W0216,TEST,1101602,1101901,329,0
TEST_W0217,TEST,1101902,1102201,389,0
TEST_W0218,TEST,1102202,1102501,291,0
TEST_W0219,TEST,1102502,1102798,339,0
TEST_W0220,TEST,1102802,1103101,346,0
TEST_W0221,TEST,1103102,1103401,364,0
TEST_W0222,TEST,1103402,1103701,364,0
TEST_W0223,TEST,1103702,1104001,419,0
TEST_W0224,TEST,1104002,1104301,389,0
TEST_W0225,TEST,1104302,1104601,420,0
TEST_W0226,TEST,1104603,1104901,412,0
TEST_W0227,TEST,1104902,1105201,444,0
TEST_W0228,TEST,1105202,1105501,482,0
TEST_W0229,TEST,1105503,1105800,513,0
TEST_W0230,TEST,1105802,1106101,453,0
TEST_W0231,TEST,1106102,1106401,487,0
TEST_W0232,TEST,1106403,1106701,420,0
TEST_W0233,TEST,1106702,1107000,487,0
TEST_W0234,TEST,1107002,1107301,480,0
TEST_W0235,TEST,1107302,1107601,529,0
TEST_W0236,TEST,1107602,1107901,524,0
TEST_W0237,TEST,1107902,1108201,590,0
TEST_W0238,TEST,1108202,1108500,515,0
TEST_W0239,TEST,1108502,1108801,606,0
TEST_W0240,TEST,1108802,1109101,560,0
TEST_W0241,TEST,1109102,1109401,683,0
TEST_W0242,TEST,1109402,1109701,669,0
TEST_W0243,TEST,1109702,1110001,700,0
TEST_W0244,TEST,1110002,1110301,676,0
TEST_W0245,TEST,1110302,1110601,753,0
TEST_W0246,TEST,1110602,1110901,708,0
TEST_W0247,TEST,1110902,1111201,789,0
TEST_W0248,TEST,1111202,1111501,773,0
TEST_W0249,TEST,1111502,1111801,900,0
TEST_W0250,TEST,1111802,1112101,834,0
TEST_W0251,TEST,1112102,1112401,968,0
TEST_W0252,TEST,1112402,1112701,982,0
TEST_W0253,TEST,1112702,1113001,1008,0
TEST_W0254,TEST,1113002,1113301,1049,0
TEST_W0255,TEST,1113302,1113601,1154,0
TEST_W0256,TEST,1113602,1113901,1046,0
TEST_W0257,TEST,1113902,1114201,1066,0
TEST_W0258,TEST,1114202,1114501,1152,0
TEST_W0259,TEST,1114502,1114801,1184,0
TEST_W0260,TEST,1114802,1115101,1168,0
TEST_W0261,TEST,1115102,1115401,1337,0
TEST_W0262,TEST,1115402,1115701,1333,0
TEST_W0263,TEST,1115702,1116001,1362,0
TEST_W0264,TEST,1116002,1116301,1367,0
TEST_W0265,TEST,1116302,1116601,1703,0
TEST_W0266,TEST,1116602,1116901,1486,0
TEST_W0267,TEST,1116902,1117201,1601,0
TEST_W0268,TEST,1117202,1117501,1565,0
TEST_W0269,TEST,1117502,1117801,1793,0
TEST_W0270,TEST,1117802,1118101,1749,0
TEST_W0271,TEST,1118102,1118401,1880,0
TEST_W0272,TEST,1118402,1118701,1907,0
TEST_W0273,TEST,1118702,1119001,2077,0
TEST_W0274,TEST,1119002,1119301,1999,0
TEST_W0275,TEST,1119302,1119601,2114,0
TEST_W0276,TEST,1119602,1119901,2264,0
TEST_W0277,TEST,1119902,1120201,2652,0
TEST_W0278,TEST,1120202,1120501,2396,0
TEST_W0279,TEST,1120502,1120801,2617,0
TEST_W0280,TEST,1120802,1121101,2617,0
TEST_W0281,TEST,1121102,1121401,2780,0
TEST_W0282,TEST,1121402,1121701,2749,0
TEST_W0283,TEST,1121702,1122001,3058,0
TEST_W0284,TEST,1122002,1122301,3102,0
TEST_W0285,TEST,1122302,1122601,3236,0
TEST_W0286,TEST,1122602,1122901,3209,0
TEST_W0287,TEST,1122902,1123201,3533,0
TEST_W0288,TEST,1123202,1123259,760,0
