window_id,t_start,t_end,split,ground_truth,predicted_label,continuous_score,frozen_threshold
TEST_W0000,1036802,1037095,TEST,0,0,0.8252,0.8459
TEST_W0001,1037112,1037388,TEST,0,0,0.8333,0.8459
TEST_W0002,1037424,1037700,TEST,0,0,0.8252,0.8459
TEST_W0003,1037746,1037969,TEST,0,0,0.8403,0.8459
TEST_W0004,1038003,1038300,TEST,0,0,0.8052,0.8459
TEST_W0005,1038336,1038601,TEST,0,0,0.8392,0.8459
TEST_W0006,1038603,1038875,TEST,0,0,0.8252,0.8459
TEST_W0007,1038904,1039171,TEST,0,0,0.8252,0.8459
TEST_W0008,1039215,1039476,TEST,0,0,0.8252,0.8459
TEST_W0009,1039541,1039801,TEST,0,0,0.8252,0.8459
TEST_W0010,1039806,1040091,TEST,0,0,0.835,0.8459
TEST_W0011,1040132,1040390,TEST,0,0,0.823,0.8459
TEST_W0012,1040409,1040687,TEST,0,0,0.8186,0.8459
TEST_W0013,1040711,1040962,TEST,0,0,0.8339,0.8459
TEST_W0014,1041016,1041282,TEST,0,0,0.8252,0.8459
TEST_W0015,1041305,1041588,TEST,0,0,0.8119,0.8459
TEST_W0016,1041617,1041862,TEST,0,1,0.8862,0.8459
TEST_W0017,1041904,1042201,TEST,0,0,0.8392,0.8459
TEST_W0018,1042202,1042485,TEST,0,0,0.8252,0.8459
TEST_W0019,1042513,1042799,TEST,0,0,0.8403,0.8459
TEST_W0020,1042802,1043095,TEST,0,0,0.8252,0.8459
TEST_W0021,1043104,1043368,TEST,0,0,0.8252,0.8459
TEST_W0022,1043405,1043695,TEST,0,0,0.8283,0.8459
TEST_W0023,1043777,1043969,TEST,0,0,0.8252,0.8459
TEST_W0024,1044009,1044291,TEST,0,0,0.8252,0.8459
TEST_W0025,1044302,1044579,TEST,0,0,0.8252,0.8459
TEST_W0026,1044610,1044899,TEST,0,0,0.8252,0.8459
TEST_W0027,1044906,1045201,TEST,0,0,0.8283,0.8459
TEST_W0028,1045202,1045483,TEST,0,0,0.8403,0.8459
TEST_W0029,1045524,1045801,TEST,0,0,0.8252,0.8459
TEST_W0030,1045802,1046101,TEST,0,0,0.8119,0.8459
TEST_W0031,1046102,1046393,TEST,0,0,0.8459,0.8459
TEST_W0032,1046426,1046599,TEST,0,0,0.8403,0.8459
TEST_W0033,1046722,1046992,TEST,0,0,0.8252,0.8459
TEST_W0034,1047003,1047286,TEST,0,0,0.8186,0.8459
TEST_W0035,1047302,1047601,TEST,0,0,0.823,0.8459
TEST_W0036,1047609,1047893,TEST,0,0,0.8339,0.8459
TEST_W0037,1047902,1048194,TEST,0,0,0.8252,0.8459
TEST_W0038,1048217,1048501,TEST,0,0,0.8252,0.8459
TEST_W0039,1048510,1048800,TEST,0,0,0.8252,0.8459
TEST_W0040,1048815,1049098,TEST,0,0,0.8459,0.8459
TEST_W0041,1049102,1049352,TEST,0,0,0.8119,0.8459
TEST_W0042,1049411,1049701,TEST,0,0,0.8339,0.8459
TEST_W0043,1049704,1049999,TEST,0,0,0.8252,0.8459
TEST_W0044,1050007,1050301,TEST,0,0,0.8252,0.8459
TEST_W0045,1050302,1050566,TEST,0,0,0.8459,0.8459
TEST_W0046,1050609,1050901,TEST,0,0,0.8119,0.8459
TEST_W0047,1050903,1051191,TEST,0,0,0.8283,0.8459
TEST_W0048,1051210,1051496,TEST,0,0,0.8339,0.8459
TEST_W0049,1051513,1051789,TEST,0,0,0.8252,0.8459
TEST_W0050,1051806,1052092,TEST,0,0,0.8252,0.8459
TEST_W0051,1052103,1052327,TEST,0,0,0.8403,0.8459
TEST_W0052,1052443,1052696,TEST,0,0,0.8403,0.8459
TEST_W0053,1052717,1052982,TEST,0,0,0.8252,0.8459
TEST_W0054,1053002,1053287,TEST,0,0,0.8252,0.8459
TEST_W0055,1053306,1053588,TEST,0,0,0.8403,0.8459
TEST_W0056,1053609,1053892,TEST,0,0,0.8119,0.8459
TEST_W0057,1053914,1054174,TEST,0,0,0.8174,0.8459
TEST_W0058,1054202,1054498,TEST,0,0,0.8339,0.8459
TEST_W0059,1054537,1054787,TEST,0,0,0.8403,0.8459
TEST_W0060,1054802,1055100,TEST,0,0,0.8119,0.8459
TEST_W0061,1055103,1055401,TEST,0,0,0.8459,0.8459
TEST_W0062,1055402,1055689,TEST,0,0,0.8252,0.8459
TEST_W0063,1055722,1055971,TEST,0,0,0.8392,0.8459
TEST_W0064,1056004,1056290,TEST,0,0,0.8052,0.8459
TEST_W0065,1056318,1056592,TEST,0,0,0.8339,0.8459
TEST_W0066,1056602,1056900,TEST,0,0,0.8252,0.8459
TEST_W0067,1056902,1057194,TEST,0,0,0.8252,0.8459
TEST_W0068,1057205,1057483,TEST,0,0,0.8252,0.8459
TEST_W0069,1057522,1057798,TEST,0,0,0.8252,0.8459
TEST_W0070,1057804,1058100,TEST,0,0,0.8252,0.8459
TEST_W0071,1058106,1058400,TEST,0,0,0.8252,0.8459
TEST_W0072,1058402,1058667,TEST,0,0,0.8252,0.8459
TEST_W0073,1058722,1058996,TEST,0,0,0.8269,0.8459
TEST_W0074,1059034,1059301,TEST,0,0,0.8403,0.8459
TEST_W0075,1059324,1059586,TEST,0,0,0.8459,0.8459
TEST_W0076,1059605,1059867,TEST,0,0,0.8119,0.8459
TEST_W0077,1059907,1060200,TEST,0,0,0.8269,0.8459
TEST_W0078,1060207,1060494,TEST,0,0,0.8403,0.8459
TEST_W0079,1060521,1060790,TEST,0,0,0.8252,0.8459
TEST_W0080,1060802,1061095,TEST,0,0,0.7997,0.8459
TEST_W0081,1061102,1061392,TEST,0,0,0.8459,0.8459
TEST_W0082,1061403,1061642,TEST,0,0,0.8339,0.8459
TEST_W0083,1061702,1061959,TEST,0,0,0.793,0.8459
TEST_W0084,1062002,1062297,TEST,0,0,0.83,0.8459
TEST_W0085,1062311,1062592,TEST,0,0,0.8283,0.8459
TEST_W0086,1062605,1062889,TEST,0,0,0.8351,0.8459
TEST_W0087,1062950,1063197,TEST,0,1,0.8662,0.8459
TEST_W0088,1063202,1063496,TEST,0,0,0.8409,0.8459
TEST_W0089,1063502,1063797,TEST,0,0,0.8306,0.8459
TEST_W0090,1063812,1064101,TEST,0,1,0.9057,0.8459
TEST_W0091,1064103,1064395,TEST,0,0,0.8389,0.8459
TEST_W0092,1064407,1064683,TEST,0,0,0.8452,0.8459
TEST_W0093,1064708,1064999,TEST,0,0,0.8452,0.8459
TEST_W0094,1065002,1065289,TEST,0,1,0.8926,0.8459
TEST_W0095,1065311,1065591,TEST,0,1,0.8722,0.8459
TEST_W0096,1065602,1065896,TEST,0,1,0.8899,0.8459
TEST_W0097,1065905,1066185,TEST,0,1,0.9193,0.8459
TEST_W0098,1066212,1066483,TEST,1,1,0.8822,0.8459
TEST_W0099,1066504,1066799,TEST,1,1,0.9623,0.8459
TEST_W0100,1066809,1067079,TEST,0,1,0.9033,0.8459
TEST_W0101,1067103,1067388,TEST,0,1,0.8798,0.8459
TEST_W0102,1067405,1067701,TEST,0,1,0.8691,0.8459
TEST_W0103,1067702,1067999,TEST,0,1,0.9437,0.8459
TEST_W0104,1068003,1068299,TEST,0,1,0.9196,0.8459
TEST_W0105,1068302,1068595,TEST,1,1,0.9557,0.8459
TEST_W0106,1068618,1068901,TEST,1,1,0.9629,0.8459
TEST_W0107,1068902,1069201,TEST,1,1,0.8967,0.8459
TEST_W0108,1069202,1069488,TEST,0,1,0.9176,0.8459
TEST_W0109,1069517,1069794,TEST,0,1,0.9481,0.8459
TEST_W0110,1069802,1070100,TEST,1,1,0.9579,0.8459
TEST_W0111,1070107,1070399,TEST,1,1,0.9398,0.8459
TEST_W0112,1070402,1070701,TEST,1,1,0.9138,0.8459
TEST_W0113,1070702,1071000,TEST,0,1,0.9579,0.8459
TEST_W0114,1071002,1071297,TEST,1,1,0.9617,0.8459
TEST_W0115,1071303,1071601,TEST,1,1,0.9646,0.8459
TEST_W0116,1071602,1071892,TEST,0,1,0.9607,0.8459
TEST_W0117,1071902,1072201,TEST,0,1,0.9205,0.8459
TEST_W0118,1072203,1072499,TEST,1,1,0.962,0.8459
TEST_W0119,1072502,1072801,TEST,1,1,0.9512,0.8459
TEST_W0120,1072806,1073086,TEST,1,1,0.9579,0.8459
TEST_W0121,1073108,1073394,TEST,1,1,0.9094,0.8459
TEST_W0122,1073403,1073700,TEST,0,1,0.9512,0.8459
TEST_W0123,1073709,1074001,TEST,1,1,0.9606,0.8459
TEST_W0124,1074010,1074293,TEST,1,1,0.9579,0.8459
TEST_W0125,1074302,1074599,TEST,1,1,0.9579,0.8459
TEST_W0126,1074602,1074900,TEST,1,1,0.9579,0.8459
TEST_W0127,1074902,1075201,TEST,1,1,0.9682,0.8459
TEST_W0128,1075202,1075494,TEST,1,1,0.9579,0.8459
TEST_W0129,1075517,1075793,TEST,1,1,0.9592,0.8459
TEST_W0130,1075804,1076100,TEST,1,1,0.9579,0.8459
TEST_W0131,1076103,1076401,TEST,1,1,0.9579,0.8459
TEST_W0132,1076402,1076701,TEST,1,1,0.9579,0.8459
TEST_W0133,1076707,1076999,TEST,1,1,0.9639,0.8459
TEST_W0134,1077004,1077298,TEST,1,1,0.9579,0.8459
TEST_W0135,1077302,1077598,TEST,1,1,0.9596,0.8459
TEST_W0136,1077603,1077893,TEST,1,1,0.9632,0.8459
TEST_W0137,1077903,1078198,TEST,1,1,0.9579,0.8459
TEST_W0138,1078202,1078496,TEST,0,1,0.9596,0.8459
TEST_W0139,1078503,1078798,TEST,1,1,0.957,0.8459
TEST_W0140,1078802,1079101,TEST,0,1,0.9579,0.8459
TEST_W0141,1079105,1079396,TEST,0,1,0.9417,0.8459
TEST_W0142,1079402,1079691,TEST,0,1,0.9579,0.8459
TEST_W0143,1079702,1080001,TEST,1,0,0.6848,0.8459
TEST_W0144,1080002,1080299,TEST,1,1,0.935,0.8459
TEST_W0145,1080302,1080601,TEST,1,1,0.9596,0.8459
TEST_W0146,1080603,1080901,TEST,0,1,0.9579,0.8459
TEST_W0147,1080903,1081199,TEST,1,1,0.9629,0.8459
TEST_W0148,1081202,1081500,TEST,0,0,0.7415,0.8459
TEST_W0149,1081514,1081799,TEST,1,1,0.9469,0.8459
TEST_W0150,1081805,1082100,TEST,1,1,0.9579,0.8459
TEST_W0151,1082102,1082401,TEST,1,1,0.953,0.8459
TEST_W0152,1082402,1082700,TEST,0,1,0.9579,0.8459
TEST_W0153,1082702,1082976,TEST,0,1,0.9579,0.8459
TEST_W0154,1083002,1083301,TEST,0,1,0.9294,0.8459
TEST_W0155,1083302,1083601,TEST,0,0,0.7954,0.8459
TEST_W0156,1083602,1083901,TEST,0,1,0.9506,0.8459
TEST_W0157,1083904,1084198,TEST,0,1,0.9304,0.8459
TEST_W0158,1084206,1084497,TEST,0,0,0.7058,0.8459
TEST_W0159,1084505,1084801,TEST,0,0,0.7692,0.8459
TEST_W0160,1084802,1085101,TEST,0,0,0.6891,0.8459
TEST_W0161,1085102,1085398,TEST,0,0,0.7024,0.8459
TEST_W0162,1085402,1085701,TEST,0,0,0.7024,0.8459
TEST_W0163,1085711,1086001,TEST,0,0,0.7324,0.8459
TEST_W0164,1086002,1086301,TEST,0,0,0.6391,0.8459
TEST_W0165,1086302,1086601,TEST,1,0,0.7485,0.8459
TEST_W0166,1086602,1086901,TEST,1,0,0.7024,0.8459
TEST_W0167,1086902,1087201,TEST,1,0,0.6924,0.8459
TEST_W0168,1087202,1087501,TEST,0,0,0.6624,0.8459
TEST_W0169,1087503,1087788,TEST,0,0,0.6191,0.8459
TEST_W0170,1087803,1088101,TEST,1,0,0.6691,0.8459
TEST_W0171,1088104,1088401,TEST,0,0,0.7211,0.8459
TEST_W0172,1088405,1088700,TEST,1,0,0.7058,0.8459
TEST_W0173,1088702,1089001,TEST,0,0,0.6358,0.8459
TEST_W0174,1089002,1089301,TEST,1,0,0.6435,0.8459
TEST_W0175,1089306,1089601,TEST,1,0,0.6258,0.8459
TEST_W0176,1089602,1089900,TEST,1,0,0.6358,0.8459
TEST_W0177,1089902,1090201,TEST,1,0,0.6435,0.8459
TEST_W0178,1090202,1090501,TEST,0,0,0.6191,0.8459
TEST_W0179,1090502,1090801,TEST,1,0,0.6358,0.8459
TEST_W0180,1090803,1091101,TEST,1,0,0.6191,0.8459
TEST_W0181,1091103,1091401,TEST,0,0,0.6358,0.8459
TEST_W0182,1091402,1091701,TEST,0,0,0.6358,0.8459
TEST_W0183,1091702,1092001,TEST,0,0,0.6258,0.8459
TEST_W0184,1092002,1092300,TEST,1,0,0.6169,0.8459
TEST_W0185,1092303,1092599,TEST,1,0,0.6258,0.8459
TEST_W0186,1092602,1092901,TEST,0,0,0.6358,0.8459
TEST_W0187,1092902,1093201,TEST,0,0,0.6358,0.8459
TEST_W0188,1093202,1093500,TEST,0,0,0.6358,0.8459
TEST_W0189,1093502,1093801,TEST,1,0,0.6191,0.8459
TEST_W0190,1093802,1094101,TEST,1,0,0.6435,0.8459
TEST_W0191,1094102,1094401,TEST,0,0,0.6358,0.8459
TEST_W0192,1094402,1094701,TEST,1,0,0.6358,0.8459
TEST_W0193,1094702,1094999,TEST,0,0,0.6435,0.8459
TEST_W0194,1095002,1095301,TEST,1,0,0.6158,0.8459
TEST_W0195,1095302,1095601,TEST,1,0,0.6358,0.8459
TEST_W0196,1095602,1095901,TEST,1,0,0.6358,0.8459
TEST_W0197,1095902,1096201,TEST,1,0,0.6358,0.8459
TEST_W0198,1096202,1096499,TEST,1,0,0.6158,0.8459
TEST_W0199,1096503,1096800,TEST,0,0,0.6411,0.8459
TEST_W0200,1096802,1097101,TEST,0,0,0.6191,0.8459
TEST_W0201,1097102,1097401,TEST,0,0,0.6169,0.8459
TEST_W0202,1097402,1097701,TEST,0,0,0.6411,0.8459
TEST_W0203,1097702,1098001,TEST,0,0,0.6158,0.8459
TEST_W0204,1098002,1098301,TEST,0,0,0.6169,0.8459
TEST_W0205,1098302,1098601,TEST,0,0,0.6358,0.8459
TEST_W0206,1098602,1098901,TEST,0,0,0.6191,0.8459
TEST_W0207,1098902,1099201,TEST,1,0,0.6369,0.8459
TEST_W0208,1099202,1099501,TEST,1,0,0.6158,0.8459
TEST_W0209,1099502,1099801,TEST,1,0,0.6358,0.8459
TEST_W0210,1099802,1100101,TEST,1,0,0.6344,0.8459
TEST_W0211,1100102,1100401,TEST,1,0,0.6358,0.8459
TEST_W0212,1100403,1100701,TEST,0,0,0.6124,0.8459
TEST_W0213,1100702,1101001,TEST,0,0,0.6169,0.8459
TEST_W0214,1101003,1101301,TEST,0,0,0.6191,0.8459
TEST_W0215,1101302,1101601,TEST,1,0,0.6358,0.8459
TEST_W0216,1101602,1101901,TEST,0,0,0.6191,0.8459
TEST_W0217,1101902,1102201,TEST,0,0,0.6169,0.8459
TEST_W0218,1102202,1102501,TEST,0,0,0.6091,0.8459
TEST_W0219,1102502,1102798,TEST,0,0,0.6169,0.8459
TEST_W0220,1102802,1103101,TEST,0,0,0.6358,0.8459
TEST_W0221,1103102,1103401,TEST,0,0,0.6358,0.8459
TEST_W0222,1103402,1103701,TEST,0,0,0.6358,0.8459
TEST_W0223,1103702,1104001,TEST,0,0,0.6169,0.8459
TEST_W0224,1104002,1104301,TEST,0,0,0.6158,0.8459
TEST_W0225,1104302,1104601,TEST,0,0,0.6391,0.8459
TEST_W0226,1104603,1104901,TEST,0,0,0.6191,0.8459
TEST_W0227,1104902,1105201,TEST,0,0,0.6391,0.8459
TEST_W0228,1105202,1105501,TEST,0,0,0.6169,0.8459
TEST_W0229,1105503,1105800,TEST,0,0,0.6391,0.8459
TEST_W0230,1105802,1106101,TEST,0,0,0.6091,0.8459
TEST_W0231,1106102,1106401,TEST,0,0,0.6369,0.8459
TEST_W0232,1106403,1106701,TEST,0,0,0.6091,0.8459
TEST_W0233,1106702,1107000,TEST,0,0,0.6169,0.8459
TEST_W0234,1107002,1107301,TEST,0,0,0.6211,0.8459
TEST_W0235,1107302,1107601,TEST,0,0,0.6169,0.8459
TEST_W0236,1107602,1107901,TEST,0,0,0.6411,0.8459
TEST_W0237,1107902,1108201,TEST,0,0,0.6169,0.8459
TEST_W0238,1108202,1108500,TEST,0,0,0.6091,0.8459
TEST_W0239,1108502,1108801,TEST,0,0,0.6169,0.8459
TEST_W0240,1108802,1109101,TEST,0,0,0.6158,0.8459
TEST_W0241,1109102,1109401,TEST,0,0,0.6169,0.8459
TEST_W0242,1109402,1109701,TEST,0,0,0.6191,0.8459
TEST_W0243,1109702,1110001,TEST,0,0,0.6391,0.8459
TEST_W0244,1110002,1110301,TEST,0,0,0.6124,0.8459
TEST_W0245,1110302,1110601,TEST,0,0,0.6169,0.8459
TEST_W0246,1110602,1110901,TEST,0,0,0.6158,0.8459
TEST_W0247,1110902,1111201,TEST,0,0,0.6169,0.8459
TEST_W0248,1111202,1111501,TEST,0,0,0.6258,0.8459
TEST_W0249,1111502,1111801,TEST,0,0,0.6169,0.8459
TEST_W0250,1111802,1112101,TEST,0,0,0.6091,0.8459
TEST_W0251,1112102,1112401,TEST,0,0,0.6169,0.8459
TEST_W0252,1112402,1112701,TEST,0,0,0.6358,0.8459
TEST_W0253,1112702,1113001,TEST,0,0,0.6435,0.8459
TEST_W0254,1113002,1113301,TEST,0,0,0.6169,0.8459
TEST_W0255,1113302,1113601,TEST,0,0,0.6169,0.8459
TEST_W0256,1113602,1113901,TEST,0,0,0.6091,0.8459
TEST_W0257,1113902,1114201,TEST,0,0,0.6358,0.8459
TEST_W0258,1114202,1114501,TEST,0,0,0.6169,0.8459
TEST_W0259,1114502,1114801,TEST,0,0,0.6391,0.8459
TEST_W0260,1114802,1115101,TEST,0,0,0.6258,0.8459
TEST_W0261,1115102,1115401,TEST,0,0,0.6169,0.8459
TEST_W0262,1115402,1115701,TEST,0,0,0.6411,0.8459
TEST_W0263,1115702,1116001,TEST,0,0,0.6391,0.8459
TEST_W0264,1116002,1116301,TEST,0,0,0.6358,0.8459
TEST_W0265,1116302,1116601,TEST,0,0,0.6169,0.8459
TEST_W0266,1116602,1116901,TEST,0,0,0.6091,0.8459
TEST_W0267,1116902,1117201,TEST,0,0,0.6169,0.8459
TEST_W0268,1117202,1117501,TEST,0,0,0.6158,0.8459
TEST_W0269,1117502,1117801,TEST,0,0,0.6169,0.8459
TEST_W0270,1117802,1118101,TEST,0,0,0.6158,0.8459
TEST_W0271,1118102,1118401,TEST,0,0,0.6169,0.8459
TEST_W0272,1118402,1118701,TEST,0,0,0.6435,0.8459
TEST_W0273,1118702,1119001,TEST,0,0,0.6169,0.8459
TEST_W0274,1119002,1119301,TEST,0,0,0.6091,0.8459
TEST_W0275,1119302,1119601,TEST,0,0,0.6169,0.8459
TEST_W0276,1119602,1119901,TEST,0,0,0.6169,0.8459
TEST_W0277,1119902,1120201,TEST,0,0,0.6169,0.8459
TEST_W0278,1120202,1120501,TEST,0,0,0.6091,0.8459
TEST_W0279,1120502,1120801,TEST,0,0,0.6169,0.8459
TEST_W0280,1120802,1121101,TEST,0,0,0.6358,0.8459
TEST_W0281,1121102,1121401,TEST,0,0,0.6169,0.8459
TEST_W0282,1121402,1121701,TEST,0,0,0.6158,0.8459
TEST_W0283,1121702,1122001,TEST,0,0,0.6169,0.8459
TEST_W0284,1122002,1122301,TEST,0,0,0.6169,0.8459
TEST_W0285,1122302,1122601,TEST,0,0,0.6169,0.8459
TEST_W0286,1122602,1122901,TEST,0,0,0.6158,0.8459
TEST_W0287,1122902,1123201,TEST,0,0,0.6169,0.8459
TEST_W0288,1123202,1123259,TEST,0,0,0.6091,0.8459
