Model,Threshold,Precision,Recall,F1
Logistic Regression,0.1,16.23,100.0,27.93
Logistic Regression,0.2,16.23,100.0,27.93
Logistic Regression,0.3,16.23,100.0,27.93
Logistic Regression,0.4,16.23,100.0,27.93
Logistic Regression,0.5,16.23,100.0,27.93
Logistic Regression,0.6,16.23,100.0,27.93
Logistic Regression,0.7,16.23,100.0,27.93
Logistic Regression,0.8,16.23,100.0,27.93
Logistic Regression,0.9,15.96,98.0,27.45
Random Forest,0.1,16.23,100.0,27.93
Random Forest,0.2,16.23,100.0,27.93
Random Forest,0.3,16.23,100.0,27.93
Random Forest,0.4,16.23,100.0,27.93
Random Forest,0.5,16.23,100.0,27.93
Random Forest,0.6,16.23,100.0,27.93
Random Forest,0.7,16.23,100.0,27.93
Random Forest,0.8,16.23,100.0,27.93
Random Forest,0.9,100.0,20.0,33.33
Extra Trees,0.1,5.36,100.0,10.17
Extra Trees,0.2,5.36,100.0,10.17
Extra Trees,0.3,15.67,100.0,27.1
Extra Trees,0.4,16.23,100.0,27.93
Extra Trees,0.5,16.23,100.0,27.93
Extra Trees,0.6,16.23,100.0,27.93
Extra Trees,0.7,16.23,100.0,27.93
Extra Trees,0.8,17.8,68.0,28.22
Extra Trees,0.9,100.0,8.0,14.81
HistGradientBoosting,0.1,16.23,100.0,27.93
HistGradientBoosting,0.2,16.23,100.0,27.93
HistGradientBoosting,0.3,16.23,100.0,27.93
HistGradientBoosting,0.4,16.23,100.0,27.93
HistGradientBoosting,0.5,16.23,100.0,27.93
HistGradientBoosting,0.6,16.23,100.0,27.93
HistGradientBoosting,0.7,16.23,100.0,27.93
HistGradientBoosting,0.8,16.23,100.0,27.93
HistGradientBoosting,0.9,16.23,100.0,27.93
XGBoost,0.1,16.23,100.0,27.93
XGBoost,0.2,16.23,100.0,27.93
XGBoost,0.3,16.23,100.0,27.93
XGBoost,0.4,16.23,100.0,27.93
XGBoost,0.5,16.23,100.0,27.93
XGBoost,0.6,16.23,100.0,27.93
XGBoost,0.7,16.23,100.0,27.93
XGBoost,0.8,16.23,100.0,27.93
XGBoost,0.9,16.23,100.0,27.93
LightGBM,0.1,16.23,100.0,27.93
LightGBM,0.2,16.23,100.0,27.93
LightGBM,0.3,16.23,100.0,27.93
LightGBM,0.4,16.23,100.0,27.93
LightGBM,0.5,16.23,100.0,27.93
LightGBM,0.6,16.23,100.0,27.93
LightGBM,0.7,16.23,100.0,27.93
LightGBM,0.8,16.23,100.0,27.93
LightGBM,0.9,16.23,100.0,27.93
Isolation Forest,0.1,5.16,96.0,9.8
Isolation Forest,0.2,5.08,94.0,9.64
Isolation Forest,0.3,4.98,92.0,9.45
Isolation Forest,0.4,4.88,90.0,9.26
Isolation Forest,0.5,4.78,88.0,9.06
Isolation Forest,0.6,4.78,88.0,9.06
Isolation Forest,0.7,3.49,60.0,6.59
Isolation Forest,0.8,3.03,46.0,5.69
Isolation Forest,0.9,40.0,4.0,7.27
